customer_id,Customer_name,gender,city,signup_date,loyalty_member
1001,Ira Gupta,Female,Mumbai,2023-04-24,No
1002,Krishna Sharma,Male,Hyderabad,2023-11-24,No
1003,Shaurya Singh,Male,Mumbai,2023-12-21,Yes
1004,Vihaan Sharma,Male,Pune,2023-04-03,Yes
1005,Ira Sharma,Female,Hyderabad,2023-02-27,Yes
1006,Shaurya Patel,Male,Mumbai,2023-11-27,Yes
1007,Arjun Mehta,Male,Mumbai,2023-11-20,Yes
1008,Kavya Reddy,Male,Bangalore,2023-11-06,No
1009,Myra Iyer,Male,Pune,2023-01-30,Yes
1010,Arjun Verma,Male,Delhi,2023-10-13,No
1011,Kavya Sharma,Male,Bangalore,2023-11-03,Yes
1012,Saanvi Khan,Female,Pune,2023-02-17,No
1013,Aadhya Sharma,Male,Mumbai,2023-06-14,Yes
1014,Aadhya Sharma,Male,Hyderabad,2023-06-26,No
1015,Arjun Singh,Male,Delhi,2023-07-21,No
1016,Aarav Verma,Female,Delhi,2023-11-27,No
1017,Arjun Gupta,Male,Hyderabad,2023-04-02,Yes
1018,Shaurya Sharma,Male,Delhi,2023-04-04,No
1019,Sneha Khan,Male,Hyderabad,2023-10-26,Yes
1020,Anika Gupta,Male,Delhi,2023-04-01,Yes
1021,Diya Singh,Female,Pune,2023-03-13,Yes
1022,Vihaan Singh,Male,Mumbai,2023-02-19,No
1023,Riya Reddy,Female,Mumbai,2023-02-14,No
1024,Sneha Reddy,Female,Bangalore,2023-12-25,Yes
1025,Vihaan Gupta,Female,Hyderabad,2023-06-02,No
1026,Aditya Sharma,Female,Delhi,2023-09-29,Yes
1027,Sai Nair,Female,Hyderabad,2023-05-11,No
1028,Saanvi Nair,Male,Pune,2023-07-12,No
1029,Ira Mehta,Female,Delhi,2023-08-16,No
1030,Ishaan Patel,Female,Bangalore,2023-09-07,Yes
1031,Reyansh Verma,Female,Bangalore,2023-11-11,No
1032,Ananya Nair,Male,Hyderabad,2023-12-25,Yes
1033,Ishaan Patel,Male,Delhi,2023-04-30,No
1034,Riya Nair,Male,Mumbai,2023-12-27,Yes
1035,Ishaan Mehta,Male,Mumbai,2023-11-04,Yes
1036,Reyansh Khan,Male,Mumbai,2023-11-24,Yes
1037,Reyansh Nair,Female,Delhi,2023-06-17,No
1038,Aditya Mehta,Female,Pune,2023-05-27,No
1039,Aarav Singh,Female,Bangalore,2023-02-12,Yes
1040,Shaurya Verma,Male,Mumbai,2023-12-25,No
1041,Aadhya Nair,Male,Mumbai,2023-05-04,Yes
1042,Arjun Mehta,Male,Delhi,2023-03-07,No
1043,Vivaan Mehta,Female,Pune,2023-06-04,No
1044,Sai Verma,Male,Mumbai,2023-04-20,Yes
1045,Sneha Patel,Male,Delhi,2023-12-25,No
1046,Anika Singh,Male,Mumbai,2023-09-29,No
1047,Saanvi Mehta,Female,Pune,2023-03-15,No
1048,Reyansh Patel,Female,Pune,2023-10-13,Yes
1049,Krishna Verma,Female,Hyderabad,2023-11-24,No
1050,Aarav Nair,Female,Hyderabad,2023-05-19,No
1051,Sai Verma,Female,Mumbai,2023-05-14,No
1052,Saanvi Mehta,Female,Pune,2023-10-03,No
1053,Sneha Mehta,Male,Bangalore,2023-03-13,No
1054,Ira Sharma,Male,Bangalore,2023-01-08,No
1055,Aadhya Gupta,Male,Delhi,2023-08-07,No
1056,Arjun Reddy,Male,Hyderabad,2023-09-24,No
1057,Krishna Reddy,Male,Delhi,2023-12-01,No
1058,Krishna Sharma,Female,Mumbai,2023-07-16,Yes
1059,Kavya Verma,Female,Hyderabad,2023-01-31,Yes
1060,Vihaan Mehta,Female,Delhi,2023-04-12,No
1061,Ishaan Reddy,Female,Mumbai,2023-12-28,Yes
1062,Vivaan Patel,Female,Hyderabad,2023-06-04,No
1063,Diya Mehta,Female,Mumbai,2023-12-31,Yes
1064,Saanvi Nair,Female,Pune,2023-06-06,No
1065,Diya Singh,Female,Delhi,2023-08-19,Yes
1066,Ananya Mehta,Female,Hyderabad,2023-08-24,Yes
1067,Ananya Singh,Female,Pune,2023-09-19,No
1068,Aadhya Verma,Male,Bangalore,2023-04-24,Yes
1069,Ananya Nair,Female,Bangalore,2023-11-27,No
1070,Aarav Khan,Female,Bangalore,2023-04-19,No
1071,Vihaan Singh,Female,Hyderabad,2023-10-24,Yes
1072,Vivaan Verma,Male,Delhi,2023-12-25,Yes
1073,Sneha Verma,Male,Mumbai,2023-12-30,Yes
1074,Aarav Mehta,Female,Delhi,2023-04-24,No
1075,Riya Khan,Male,Mumbai,2023-11-13,No
1076,Shaurya Verma,Female,Pune,2023-02-14,Yes
1077,Diya Mehta,Female,Delhi,2023-08-04,No
1078,Saanvi Nair,Male,Hyderabad,2023-12-17,No
1079,Aditya Iyer,Female,Delhi,2023-07-17,Yes
1080,Aditya Khan,Female,Pune,2023-01-15,No
1081,Myra Reddy,Female,Pune,2023-12-09,No
1082,Ishaan Sharma,Female,Mumbai,2023-11-24,Yes
1083,Aarav Sharma,Male,Pune,2023-06-21,No
1084,Kavya Sharma,Female,Delhi,2023-06-28,No
1085,Myra Sharma,Female,Mumbai,2023-05-25,No
1086,Ira Khan,Female,Pune,2023-09-02,No
1087,Ananya Nair,Female,Bangalore,2023-12-25,Yes
1088,Reyansh Reddy,Female,Delhi,2023-11-04,Yes
1089,Ishaan Patel,Male,Bangalore,2023-09-27,Yes
1090,Ira Sharma,Male,Mumbai,2023-05-22,No
1091,Vivaan Gupta,Female,Mumbai,2023-12-25,No
1092,Riya Singh,Male,Hyderabad,2023-07-02,No
1093,Krishna Mehta,Male,Bangalore,2023-11-21,Yes
1094,Krishna Sharma,Female,Bangalore,2023-03-03,No
1095,Saanvi Iyer,Female,Hyderabad,2023-07-02,Yes
1096,Riya Gupta,Male,Mumbai,2023-03-17,No
1097,Reyansh Mehta,Female,Hyderabad,2023-03-24,Yes
1098,Krishna Patel,Male,Bangalore,2023-10-25,Yes
1099,Sneha Sharma,Male,Delhi,2023-12-25,No
1100,Aditya Verma,Male,Pune,2023-11-26,Yes
1101,Myra Iyer,Male,Bangalore,2023-12-15,No
1102,Shaurya Reddy,Female,Delhi,2023-11-16,No
1103,Reyansh Sharma,Female,Bangalore,2023-04-21,No
1104,Reyansh Patel,Male,Hyderabad,2023-08-05,Yes
1105,Krishna Gupta,Female,Mumbai,2023-12-25,Yes
1106,Kavya Gupta,Female,Mumbai,2023-03-15,No
1107,Kavya Nair,Male,Pune,2023-11-03,No
1108,Diya Sharma,Female,Hyderabad,2023-02-02,Yes
1109,Aarav Verma,Male,Pune,2023-04-21,Yes
1110,Aadhya Iyer,Female,Pune,2023-12-21,No
1111,Kavya Sharma,Female,Pune,2023-09-11,No
1112,Aarav Verma,Female,Delhi,2023-09-29,Yes
1113,Aditya Nair,Female,Pune,2023-06-24,Yes
1114,Saanvi Reddy,Female,Bangalore,2023-08-03,No
1115,Aadhya Mehta,Female,Mumbai,2023-12-26,Yes
1116,Reyansh Iyer,Female,Hyderabad,2023-09-20,Yes
1117,Vivaan Mehta,Female,Bangalore,2023-03-22,No
1118,Aadhya Reddy,Female,Hyderabad,2023-06-24,Yes
1119,Kavya Khan,Male,Bangalore,2023-12-22,No
1120,Reyansh Sharma,Male,Delhi,2023-09-03,No
1121,Saanvi Nair,Male,Delhi,2023-11-07,No
1122,Sai Reddy,Female,Pune,2023-03-11,Yes
1123,Sai Reddy,Male,Mumbai,2023-12-25,Yes
1124,Ira Khan,Female,Hyderabad,2023-08-22,No
1125,Shaurya Iyer,Female,Mumbai,2023-12-25,Yes
1126,Shaurya Nair,Female,Delhi,2023-08-23,Yes
1127,Ira Khan,Male,Bangalore,2023-06-11,No
1128,Anika Nair,Female,Bangalore,2023-07-23,No
1129,Shaurya Verma,Female,Delhi,2023-06-09,No
1130,Ishaan Nair,Female,Hyderabad,2023-06-03,No
1131,Myra Khan,Female,Hyderabad,2023-09-02,No
1132,Krishna Patel,Male,Delhi,2023-01-18,No
1133,Reyansh Verma,Male,Mumbai,2023-07-23,Yes
1134,Aditya Reddy,Male,Mumbai,2023-01-29,No
1135,Diya Khan,Male,Pune,2023-02-15,Yes
1136,Sai Iyer,Male,Delhi,2023-05-21,Yes
1137,Aarav Nair,Male,Bangalore,2023-12-16,No
1138,Ira Verma,Male,Mumbai,2023-12-03,Yes
1139,Sneha Patel,Female,Pune,2023-11-04,Yes
1140,Kavya Nair,Male,Delhi,2023-08-21,Yes
1141,Ananya Sharma,Female,Delhi,2023-05-05,No
1142,Ira Reddy,Male,Delhi,2023-12-19,No
1143,Aditya Verma,Male,Delhi,2023-07-09,Yes
1144,Krishna Singh,Male,Pune,2023-01-22,Yes
1145,Sai Iyer,Female,Bangalore,2023-01-29,Yes
1146,Ishaan Reddy,Male,Bangalore,2023-10-19,No
1147,Riya Khan,Female,Pune,2023-05-07,Yes
1148,Ishaan Verma,Female,Hyderabad,2023-06-23,Yes
1149,Ira Mehta,Female,Delhi,2023-10-01,No
1150,Diya Gupta,Female,Pune,2023-11-10,No
1151,Ira Khan,Male,Bangalore,2023-08-12,Yes
1152,Myra Patel,Female,Mumbai,2023-09-26,No
1153,Anika Sharma,Male,Pune,2023-08-15,Yes
1154,Kavya Nair,Female,Delhi,2023-05-06,Yes
1155,Aadhya Khan,Male,Pune,2023-09-17,No
1156,Arjun Patel,Male,Hyderabad,2023-11-10,No
1157,Saanvi Sharma,Male,Hyderabad,2023-11-16,No
1158,Vivaan Sharma,Male,Pune,2023-12-25,Yes
1159,Arjun Reddy,Female,Hyderabad,2023-10-28,Yes
1160,Reyansh Patel,Female,Hyderabad,2023-09-11,No
1161,Anika Verma,Female,Hyderabad,2023-07-07,Yes
1162,Riya Khan,Male,Bangalore,2023-08-04,No
1163,Sai Gupta,Male,Bangalore,2023-09-23,Yes
1164,Ananya Patel,Male,Delhi,2023-10-23,No
1165,Riya Nair,Male,Pune,2023-05-06,No
1166,Riya Sharma,Male,Pune,2023-04-20,Yes
1167,Sneha Verma,Female,Bangalore,2023-12-25,No
1168,Aditya Gupta,Male,Bangalore,2023-01-14,Yes
1169,Riya Verma,Female,Pune,2023-04-18,No
1170,Ira Reddy,Male,Bangalore,2023-04-14,No
1171,Aditya Khan,Female,Pune,2023-09-13,Yes
1172,Saanvi Patel,Male,Delhi,2023-08-21,No
1173,Reyansh Gupta,Female,Pune,2023-05-14,Yes
1174,Ira Sharma,Male,Mumbai,2023-03-25,No
1175,Saanvi Singh,Male,Pune,2023-12-25,No
1176,Saanvi Patel,Female,Mumbai,2023-10-06,Yes
1177,Sneha Singh,Male,Bangalore,2023-07-03,Yes
1178,Diya Iyer,Female,Hyderabad,2023-08-29,Yes
1179,Vivaan Nair,Male,Hyderabad,2023-04-29,Yes
1180,Sneha Reddy,Female,Delhi,2023-06-13,No
1181,Vihaan Khan,Male,Hyderabad,2023-09-07,Yes
1182,Aarav Singh,Male,Mumbai,2023-09-14,No
1183,Vihaan Verma,Male,Delhi,2023-06-14,Yes
1184,Sai Singh,Male,Hyderabad,2023-02-21,No
1185,Shaurya Reddy,Male,Pune,2023-12-25,Yes
1186,Aadhya Sharma,Male,Delhi,2023-03-29,Yes
1187,Sai Iyer,Male,Delhi,2023-12-25,Yes
1188,Arjun Singh,Male,Hyderabad,2023-12-25,Yes
1189,Aditya Reddy,Male,Hyderabad,2023-11-25,No
1190,Aditya Reddy,Male,Hyderabad,2023-05-31,Yes
1191,Shaurya Patel,Male,Bangalore,2023-01-25,No
1192,Sai Verma,Female,Delhi,2023-11-25,No
1193,Reyansh Patel,Male,Hyderabad,2023-02-17,No
1194,Anika Iyer,Male,Hyderabad,2023-03-01,No
1195,Reyansh Singh,Male,Bangalore,2023-05-31,Yes
1196,Sneha Iyer,Female,Delhi,2023-03-11,No
1197,Ananya Patel,Male,Bangalore,2023-07-12,Yes
1198,Riya Khan,Male,Bangalore,2023-01-25,No
1199,Sai Gupta,Male,Bangalore,2023-12-07,No
1200,Saanvi Nair,Female,Mumbai,2023-06-28,Yes
1201,Vihaan Gupta,Female,Mumbai,2023-12-16,No
1202,Ishaan Singh,Male,Mumbai,2023-06-29,Yes
1203,Anika Reddy,Female,Mumbai,2023-06-08,Yes
1204,Ishaan Verma,Female,Delhi,2023-05-10,Yes
1205,Sneha Iyer,Male,Hyderabad,2023-03-13,Yes
1206,Anika Sharma,Female,Hyderabad,2023-07-03,No
1207,Aadhya Sharma,Female,Delhi,2023-12-25,No
1208,Krishna Singh,Female,Mumbai,2023-12-11,Yes
1209,Ishaan Patel,Male,Bangalore,2023-12-21,No
1210,Aditya Patel,Male,Pune,2023-02-26,Yes
1211,Vihaan Iyer,Female,Mumbai,2023-08-18,No
1212,Anika Khan,Male,Bangalore,2023-12-25,No
1213,Saanvi Mehta,Male,Mumbai,2023-02-25,Yes
1214,Reyansh Mehta,Female,Hyderabad,2023-03-04,No
1215,Sai Gupta,Male,Bangalore,2023-10-24,Yes
1216,Anika Verma,Female,Hyderabad,2023-07-10,Yes
1217,Arjun Verma,Female,Delhi,2023-10-16,Yes
1218,Anika Patel,Male,Hyderabad,2023-10-22,Yes
1219,Vivaan Mehta,Male,Mumbai,2023-09-08,Yes
1220,Ishaan Reddy,Female,Delhi,2023-07-10,No
1221,Krishna Mehta,Female,Mumbai,2023-04-23,Yes
1222,Arjun Gupta,Male,Bangalore,2023-10-05,Yes
1223,Anika Nair,Female,Delhi,2023-02-04,No
1224,Ananya Gupta,Female,Mumbai,2023-12-25,No
1225,Aditya Nair,Male,Pune,2023-09-11,No
1226,Sneha Mehta,Female,Bangalore,2023-12-25,Yes
1227,Aarav Singh,Female,Mumbai,2023-05-23,Yes
1228,Vivaan Sharma,Male,Delhi,2023-05-03,Yes
1229,Krishna Verma,Female,Bangalore,2023-08-05,No
1230,Ira Gupta,Male,Pune,2023-08-25,No
1231,Arjun Sharma,Female,Bangalore,2023-08-05,No
1232,Vihaan Mehta,Female,Mumbai,2023-12-25,No
1233,Sai Verma,Female,Hyderabad,2023-05-09,Yes
1234,Anika Mehta,Female,Mumbai,2023-09-14,Yes
1235,Aarav Reddy,Male,Pune,2023-10-02,No
1236,Vivaan Verma,Male,Mumbai,2023-03-12,No
1237,Diya Verma,Male,Delhi,2023-01-05,Yes
1238,Sai Nair,Female,Delhi,2023-12-25,No
1239,Ishaan Verma,Male,Mumbai,2023-04-17,No
1240,Aarav Singh,Male,Delhi,2023-05-28,No
1241,Krishna Mehta,Female,Bangalore,2023-12-02,Yes
1242,Riya Singh,Male,Delhi,2023-10-21,Yes
1243,Shaurya Nair,Male,Pune,2023-09-17,Yes
1244,Aadhya Reddy,Male,Mumbai,2023-03-16,No
1245,Shaurya Gupta,Female,Pune,2023-10-14,Yes
1246,Ishaan Singh,Female,Hyderabad,2023-10-09,Yes
1247,Diya Verma,Female,Delhi,2023-12-25,No
1248,Diya Mehta,Male,Pune,2023-07-19,Yes
1249,Kavya Reddy,Female,Hyderabad,2023-05-07,Yes
1250,Ira Sharma,Male,Bangalore,2023-12-25,Yes
1251,Vihaan Sharma,Male,Delhi,2023-04-29,Yes
1252,Aadhya Patel,Female,Hyderabad,2023-07-28,No
1253,Krishna Khan,Male,Delhi,2023-01-09,No
1254,Myra Mehta,Male,Mumbai,2023-08-29,Yes
1255,Riya Iyer,Male,Hyderabad,2023-04-03,No
1256,Saanvi Patel,Male,Mumbai,2023-03-23,Yes
1257,Shaurya Verma,Male,Bangalore,2023-09-22,No
1258,Myra Mehta,Male,Delhi,2023-12-08,No
1259,Riya Sharma,Male,Mumbai,2023-07-19,Yes
1260,Ira Singh,Male,Mumbai,2023-12-25,No
1261,Krishna Sharma,Female,Mumbai,2023-06-16,Yes
1262,Diya Khan,Male,Hyderabad,2023-03-02,Yes
1263,Ishaan Nair,Male,Delhi,2023-12-19,Yes
1264,Kavya Mehta,Female,Mumbai,2023-07-11,No
1265,Kavya Mehta,Female,Hyderabad,2023-08-10,No
1266,Krishna Reddy,Female,Delhi,2023-11-18,Yes
1267,Reyansh Iyer,Female,Pune,2023-12-25,Yes
1268,Diya Nair,Male,Mumbai,2023-12-31,No
1269,Ananya Nair,Male,Hyderabad,2023-08-09,Yes
1270,Vihaan Iyer,Male,Bangalore,2023-12-25,No
1271,Ishaan Singh,Male,Delhi,2023-06-12,Yes
1272,Myra Sharma,Female,Bangalore,2023-04-05,Yes
1273,Saanvi Singh,Female,Delhi,2023-11-10,No
1274,Kavya Khan,Female,Delhi,2023-08-24,No
1275,Aadhya Nair,Male,Mumbai,2023-08-27,No
1276,Vihaan Verma,Female,Delhi,2023-06-23,No
1277,Riya Sharma,Female,Mumbai,2023-07-04,Yes
1278,Diya Verma,Male,Mumbai,2023-04-16,Yes
1279,Ishaan Nair,Male,Delhi,2023-06-04,Yes
1280,Anika Nair,Female,Mumbai,2023-12-07,Yes
1281,Riya Iyer,Female,Mumbai,2023-02-14,No
1282,Arjun Khan,Female,Hyderabad,2023-06-14,Yes
1283,Vihaan Patel,Female,Pune,2023-12-19,Yes
1284,Riya Nair,Female,Delhi,2023-10-14,No
1285,Reyansh Verma,Female,Bangalore,2023-03-25,No
1286,Ananya Iyer,Female,Delhi,2023-12-31,Yes
1287,Myra Mehta,Female,Mumbai,2023-12-25,Yes
1288,Vivaan Khan,Female,Mumbai,2023-10-10,No
1289,Myra Gupta,Female,Delhi,2023-01-22,Yes
1290,Myra Nair,Female,Delhi,2023-12-01,No
1291,Sai Gupta,Female,Delhi,2023-06-04,No
1292,Vihaan Khan,Female,Hyderabad,2023-12-29,Yes
1293,Aarav Reddy,Female,Bangalore,2023-04-12,No
1294,Riya Patel,Male,Pune,2023-12-31,Yes
1295,Sai Patel,Male,Mumbai,2023-12-23,Yes
1296,Reyansh Khan,Female,Delhi,2023-04-19,Yes
1297,Aarav Iyer,Male,Mumbai,2023-12-08,Yes
1298,Riya Reddy,Female,Pune,2023-01-17,No
1299,Riya Gupta,Female,Delhi,2023-05-23,No
1300,Ishaan Sharma,Female,Mumbai,2023-05-24,Yes
1301,Aarav Gupta,Male,Delhi,2023-09-08,Yes
1302,Shaurya Khan,Female,Bangalore,2023-02-23,No
1303,Ananya Reddy,Male,Bangalore,2023-01-25,No
1304,Aditya Singh,Female,Delhi,2023-06-10,No
1305,Reyansh Iyer,Male,Bangalore,2023-07-01,Yes
1306,Reyansh Singh,Male,Bangalore,2023-06-05,No
1307,Shaurya Singh,Female,Bangalore,2023-07-13,No
1308,Riya Singh,Female,Mumbai,2023-12-25,No
1309,Kavya Verma,Male,Pune,2023-12-24,No
1310,Reyansh Gupta,Female,Pune,2023-10-27,Yes
1311,Anika Reddy,Female,Delhi,2023-06-23,No
1312,Aditya Patel,Male,Delhi,2023-12-02,No
1313,Arjun Iyer,Female,Mumbai,2023-04-14,No
1314,Saanvi Nair,Male,Hyderabad,2023-03-03,No
1315,Ishaan Iyer,Male,Delhi,2023-06-19,No
1316,Ishaan Singh,Female,Hyderabad,2023-01-07,No
1317,Ishaan Singh,Male,Pune,2023-10-17,No
1318,Myra Nair,Male,Bangalore,2023-07-20,No
1319,Sai Khan,Male,Hyderabad,2023-04-06,No
1320,Krishna Singh,Male,Delhi,2023-12-25,No
1321,Aditya Patel,Male,Mumbai,2023-08-09,No
1322,Kavya Sharma,Female,Pune,2023-04-01,No
1323,Sai Sharma,Male,Hyderabad,2023-02-20,Yes
1324,Ira Nair,Male,Hyderabad,2023-01-31,No
1325,Kavya Nair,Female,Hyderabad,2023-04-10,No
1326,Diya Khan,Female,Hyderabad,2023-10-01,No
1327,Sneha Sharma,Male,Hyderabad,2023-12-06,Yes
1328,Aditya Sharma,Female,Delhi,2023-12-25,Yes
1329,Diya Khan,Male,Pune,2023-05-27,No
1330,Ananya Iyer,Female,Pune,2023-12-06,No
1331,Sai Sharma,Male,Delhi,2023-06-05,Yes
1332,Ira Gupta,Male,Hyderabad,2023-08-19,Yes
1333,Reyansh Verma,Male,Hyderabad,2023-12-25,No
1334,Ira Patel,Male,Hyderabad,2023-01-30,No
1335,Aadhya Mehta,Female,Bangalore,2023-05-16,Yes
1336,Riya Mehta,Female,Delhi,2023-04-28,Yes
1337,Vihaan Singh,Male,Bangalore,2023-10-11,No
1338,Anika Patel,Female,Hyderabad,2023-07-19,No
1339,Diya Gupta,Male,Mumbai,2023-10-09,Yes
1340,Sneha Mehta,Male,Pune,2023-04-22,Yes
1341,Aarav Sharma,Male,Hyderabad,2023-02-06,Yes
1342,Krishna Khan,Female,Delhi,2023-06-13,No
1343,Vivaan Sharma,Female,Bangalore,2023-07-02,No
1344,Diya Khan,Male,Delhi,2023-04-28,Yes
1345,Sai Reddy,Female,Delhi,2023-12-30,No
1346,Aarav Singh,Male,Pune,2023-07-28,Yes
1347,Vivaan Nair,Female,Bangalore,2023-04-25,Yes
1348,Diya Iyer,Male,Mumbai,2023-12-25,Yes
1349,Aarav Mehta,Male,Delhi,2023-12-06,Yes
1350,Myra Iyer,Male,Mumbai,2023-07-03,No
1351,Ananya Reddy,Male,Hyderabad,2023-02-15,No
1352,Saanvi Iyer,Female,Bangalore,2023-11-25,No
1353,Krishna Patel,Male,Bangalore,2023-10-03,No
1354,Shaurya Iyer,Female,Hyderabad,2023-01-07,Yes
1355,Diya Patel,Male,Hyderabad,2023-01-08,Yes
1356,Saanvi Reddy,Female,Mumbai,2023-04-12,No
1357,Aadhya Sharma,Male,Mumbai,2023-12-29,Yes
1358,Reyansh Sharma,Female,Mumbai,2023-10-27,Yes
1359,Krishna Khan,Male,Mumbai,2023-12-11,No
1360,Vivaan Khan,Male,Delhi,2023-09-14,Yes
1361,Riya Singh,Male,Pune,2023-12-23,Yes
1362,Reyansh Singh,Male,Mumbai,2023-07-06,No
1363,Diya Khan,Female,Pune,2023-08-29,Yes
1364,Vihaan Mehta,Female,Pune,2023-12-07,Yes
1365,Ira Mehta,Male,Hyderabad,2023-09-13,Yes
1366,Anika Gupta,Male,Bangalore,2023-05-26,No
1367,Krishna Gupta,Male,Hyderabad,2023-12-25,Yes
1368,Aarav Khan,Male,Pune,2023-04-24,No
1369,Saanvi Khan,Female,Delhi,2023-12-25,No
1370,Sai Verma,Female,Pune,2023-09-29,Yes
1371,Ishaan Patel,Female,Pune,2023-03-22,Yes
1372,Shaurya Nair,Male,Mumbai,2023-05-07,Yes
1373,Aditya Singh,Male,Mumbai,2023-03-31,Yes
1374,Ira Iyer,Female,Mumbai,2023-12-25,Yes
1375,Ananya Patel,Male,Mumbai,2023-08-27,Yes
1376,Riya Mehta,Female,Mumbai,2023-03-11,Yes
1377,Krishna Mehta,Female,Pune,2023-05-20,Yes
1378,Reyansh Iyer,Male,Mumbai,2023-07-18,Yes
1379,Myra Khan,Female,Mumbai,2023-12-25,Yes
1380,Aditya Verma,Female,Bangalore,2023-09-05,Yes
1381,Aadhya Gupta,Male,Pune,2023-06-24,No
1382,Aarav Khan,Female,Hyderabad,2023-06-10,No
1383,Anika Reddy,Female,Delhi,2023-08-27,No
1384,Aadhya Sharma,Male,Pune,2023-08-08,Yes
1385,Kavya Khan,Male,Mumbai,2023-12-23,Yes
1386,Myra Nair,Female,Delhi,2023-12-22,Yes
1387,Ishaan Iyer,Male,Delhi,2023-11-02,Yes
1388,Riya Iyer,Female,Mumbai,2023-10-30,No
1389,Aarav Reddy,Female,Delhi,2023-01-24,Yes
1390,Myra Singh,Female,Delhi,2023-07-26,No
1391,Arjun Verma,Female,Bangalore,2023-10-03,Yes
1392,Ananya Sharma,Male,Bangalore,2023-03-18,Yes
1393,Aarav Verma,Male,Hyderabad,2023-09-10,No
1394,Krishna Iyer,Female,Hyderabad,2023-12-25,No
1395,Myra Reddy,Male,Mumbai,2023-12-18,Yes
1396,Aditya Patel,Female,Hyderabad,2023-07-21,Yes
1397,Vivaan Reddy,Male,Bangalore,2023-12-25,No
1398,Saanvi Reddy,Male,Delhi,2023-02-20,No
1399,Aarav Nair,Male,Hyderabad,2023-05-02,No
1400,Vivaan Nair,Male,Bangalore,2023-12-12,No
1401,Krishna Khan,Female,Hyderabad,2023-04-09,No
1402,Aarav Patel,Female,Delhi,2023-11-01,Yes
1403,Sneha Khan,Male,Mumbai,2023-03-07,No
1404,Myra Patel,Female,Bangalore,2023-12-25,Yes
1405,Arjun Sharma,Female,Delhi,2023-07-06,Yes
1406,Arjun Singh,Male,Bangalore,2023-03-22,Yes
1407,Kavya Iyer,Female,Delhi,2023-12-25,Yes
1408,Arjun Iyer,Male,Delhi,2023-03-16,No
1409,Aarav Verma,Female,Pune,2023-12-11,Yes
1410,Shaurya Gupta,Male,Hyderabad,2023-12-25,No
1411,Aarav Patel,Female,Mumbai,2023-03-01,No
1412,Shaurya Iyer,Male,Bangalore,2023-10-21,Yes
1413,Anika Verma,Female,Hyderabad,2023-10-27,No
1414,Ananya Patel,Male,Bangalore,2023-05-10,No
1415,Sneha Reddy,Male,Bangalore,2023-08-12,Yes
1416,Ananya Gupta,Male,Delhi,2023-06-29,No
1417,Vihaan Mehta,Female,Hyderabad,2023-10-16,Yes
1418,Aadhya Iyer,Female,Pune,2023-12-22,No
1419,Sai Khan,Female,Mumbai,2023-04-15,No
1420,Shaurya Mehta,Male,Delhi,2023-12-25,Yes
1421,Aadhya Sharma,Female,Pune,2023-01-03,No
1422,Riya Gupta,Female,Hyderabad,2023-04-13,No
1423,Riya Iyer,Female,Delhi,2023-02-09,No
1424,Sneha Nair,Female,Hyderabad,2023-12-25,Yes
1425,Arjun Nair,Male,Bangalore,2023-12-25,Yes
1426,Krishna Patel,Male,Bangalore,2023-12-25,No
1427,Myra Mehta,Male,Pune,2023-10-09,No
1428,Aditya Sharma,Female,Mumbai,2023-09-24,No
1429,Krishna Verma,Female,Bangalore,2023-02-20,Yes
1430,Anika Gupta,Female,Bangalore,2023-09-03,No
1431,Shaurya Mehta,Male,Bangalore,2023-01-21,No
1432,Aadhya Sharma,Female,Hyderabad,2023-06-05,Yes
1433,Kavya Gupta,Male,Mumbai,2023-01-06,No
1434,Vivaan Verma,Male,Delhi,2023-10-07,Yes
1435,Reyansh Singh,Male,Hyderabad,2023-12-25,Yes
1436,Vivaan Khan,Male,Bangalore,2023-10-29,Yes
1437,Myra Verma,Male,Hyderabad,2023-11-07,Yes
1438,Vivaan Reddy,Female,Delhi,2023-12-17,Yes
1439,Sneha Nair,Male,Bangalore,2023-12-09,No
1440,Kavya Singh,Male,Mumbai,2023-12-18,No
1441,Riya Patel,Male,Delhi,2023-11-10,Yes
1442,Aadhya Mehta,Male,Mumbai,2023-01-26,No
1443,Ananya Singh,Male,Bangalore,2023-05-10,No
1444,Anika Mehta,Female,Pune,2023-12-25,Yes
1445,Vivaan Gupta,Female,Mumbai,2023-12-30,No
1446,Saanvi Singh,Female,Mumbai,2023-10-20,No
1447,Anika Sharma,Male,Mumbai,2023-01-22,No
1448,Anika Iyer,Female,Delhi,2023-07-21,No
1449,Aditya Reddy,Male,Mumbai,2023-07-23,No
1450,Myra Reddy,Female,Pune,2023-06-25,No
1451,Ishaan Singh,Female,Hyderabad,2023-07-10,No
1452,Aadhya Sharma,Male,Bangalore,2023-12-20,Yes
1453,Aarav Reddy,Female,Delhi,2023-12-25,Yes
1454,Krishna Reddy,Female,Delhi,2023-06-17,Yes
1455,Vihaan Khan,Male,Bangalore,2023-07-24,No
1456,Arjun Sharma,Male,Hyderabad,2023-09-29,Yes
1457,Vivaan Verma,Female,Pune,2023-01-20,Yes
1458,Sneha Nair,Male,Pune,2023-05-07,No
1459,Vihaan Mehta,Female,Pune,2023-09-18,No
1460,Myra Khan,Male,Delhi,2023-11-03,Yes
1461,Sneha Nair,Female,Pune,2023-10-08,Yes
1462,Sneha Patel,Male,Delhi,2023-03-09,Yes
1463,Vihaan Reddy,Female,Pune,2023-12-25,No
1464,Aarav Singh,Female,Hyderabad,2023-08-05,No
1465,Saanvi Verma,Female,Mumbai,2023-02-24,No
1466,Vivaan Verma,Female,Delhi,2023-12-22,Yes
1467,Vivaan Patel,Female,Pune,2023-02-05,Yes
1468,Aadhya Sharma,Female,Mumbai,2023-07-03,No
1469,Kavya Verma,Female,Hyderabad,2023-03-20,Yes
1470,Kavya Sharma,Male,Pune,2023-02-27,Yes
1471,Aditya Singh,Male,Pune,2023-04-21,Yes
1472,Diya Reddy,Female,Mumbai,2023-02-18,Yes
1473,Sneha Nair,Male,Mumbai,2023-02-21,Yes
1474,Aditya Singh,Male,Mumbai,2023-05-30,Yes
1475,Arjun Mehta,Male,Delhi,2023-04-03,Yes
1476,Kavya Mehta,Male,Bangalore,2023-02-04,Yes
1477,Kavya Khan,Male,Hyderabad,2023-12-25,No
1478,Ishaan Mehta,Male,Pune,2023-10-26,No
1479,Arjun Sharma,Female,Delhi,2023-09-26,Yes
1480,Aarav Sharma,Male,Delhi,2023-06-16,No
1481,Ishaan Iyer,Female,Hyderabad,2023-02-17,Yes
1482,Ishaan Sharma,Male,Delhi,2023-12-25,No
1483,Sneha Nair,Male,Pune,2023-07-08,Yes
1484,Vivaan Verma,Female,Hyderabad,2023-03-08,No
1485,Sneha Khan,Male,Pune,2023-12-10,No
1486,Arjun Patel,Male,Hyderabad,2023-07-13,Yes
1487,Ananya Nair,Female,Pune,2023-04-01,Yes
1488,Vivaan Iyer,Male,Hyderabad,2023-04-08,Yes
1489,Aadhya Nair,Male,Delhi,2023-10-28,Yes
1490,Reyansh Patel,Male,Mumbai,2023-02-15,Yes
1491,Arjun Mehta,Male,Hyderabad,2023-11-05,No
1492,Shaurya Nair,Female,Bangalore,2023-01-16,Yes
1493,Anika Mehta,Male,Mumbai,2023-03-30,No
1494,Diya Reddy,Female,Mumbai,2023-06-27,No
1495,Aditya Sharma,Female,Pune,2023-10-28,No
1496,Sai Verma,Male,Mumbai,2023-12-25,No
1497,Shaurya Reddy,Male,Delhi,2023-03-05,Yes
1498,Aarav Sharma,Female,Hyderabad,2023-05-25,Yes
1499,Shaurya Singh,Male,Delhi,2023-10-22,Yes
1500,Ishaan Iyer,Female,Pune,2023-06-18,No
1501,Aadhya Reddy,Female,Delhi,2023-04-13,No
1502,Ishaan Reddy,Male,Bangalore,2023-03-30,Yes
1503,Krishna Reddy,Male,Mumbai,2023-08-31,Yes
1504,Vihaan Verma,Male,Delhi,2023-12-25,Yes
1505,Arjun Mehta,Male,Hyderabad,2023-12-25,No
1506,Ananya Gupta,Male,Pune,2023-04-02,Yes
1507,Saanvi Patel,Male,Bangalore,2023-12-25,Yes
1508,Aditya Nair,Female,Hyderabad,2023-05-13,Yes
1509,Vivaan Khan,Male,Bangalore,2023-02-17,No
1510,Sai Verma,Female,Hyderabad,2023-02-01,No
1511,Aadhya Iyer,Male,Bangalore,2023-12-22,No
1512,Diya Patel,Female,Hyderabad,2023-03-03,Yes
1513,Vivaan Sharma,Male,Hyderabad,2023-06-30,No
1514,Myra Sharma,Male,Pune,2023-03-24,No
1515,Aadhya Iyer,Female,Bangalore,2023-04-28,Yes
1516,Arjun Mehta,Male,Bangalore,2023-04-28,Yes
1517,Arjun Singh,Male,Mumbai,2023-12-20,Yes
1518,Myra Verma,Male,Pune,2023-05-17,No
1519,Shaurya Nair,Male,Mumbai,2023-03-13,Yes
1520,Vivaan Verma,Male,Delhi,2023-01-28,Yes
1521,Kavya Nair,Male,Delhi,2023-02-15,No
1522,Sneha Gupta,Female,Hyderabad,2023-06-14,Yes
1523,Arjun Khan,Male,Pune,2023-05-09,Yes
1524,Krishna Reddy,Male,Bangalore,2023-07-22,No
1525,Anika Mehta,Male,Bangalore,2023-08-12,No
1526,Shaurya Verma,Female,Pune,2023-02-11,No
1527,Ira Verma,Male,Hyderabad,2023-05-14,Yes
1528,Saanvi Iyer,Female,Bangalore,2023-09-08,No
1529,Aditya Nair,Female,Delhi,2023-11-15,Yes
1530,Aditya Khan,Female,Pune,2023-12-25,Yes
1531,Ananya Reddy,Male,Mumbai,2023-06-13,No
1532,Arjun Patel,Female,Mumbai,2023-04-11,Yes
1533,Sneha Khan,Male,Hyderabad,2023-11-13,Yes
1534,Diya Iyer,Female,Hyderabad,2023-09-27,Yes
1535,Arjun Patel,Male,Delhi,2023-12-28,No
1536,Ananya Nair,Male,Bangalore,2023-03-26,No
1537,Anika Khan,Female,Hyderabad,2023-02-19,Yes
1538,Ishaan Iyer,Male,Bangalore,2023-12-06,Yes
1539,Myra Reddy,Male,Pune,2023-02-16,No
1540,Sneha Singh,Female,Pune,2023-03-29,No
1541,Anika Nair,Female,Bangalore,2023-04-02,No
1542,Ananya Mehta,Female,Pune,2023-05-27,No
1543,Anika Reddy,Male,Bangalore,2023-06-30,Yes
1544,Anika Reddy,Male,Mumbai,2023-11-22,Yes
1545,Myra Nair,Male,Hyderabad,2023-12-24,No
1546,Ananya Khan,Male,Delhi,2023-08-18,No
1547,Saanvi Khan,Female,Bangalore,2023-06-07,No
1548,Ishaan Gupta,Female,Delhi,2023-05-18,Yes
1549,Ira Nair,Female,Mumbai,2023-08-19,Yes
1550,Aditya Mehta,Male,Mumbai,2023-12-16,Yes
1551,Ananya Patel,Male,Pune,2023-02-08,No
1552,Vivaan Reddy,Female,Bangalore,2023-06-18,No
1553,Saanvi Nair,Female,Pune,2023-05-26,Yes
1554,Aadhya Gupta,Male,Delhi,2023-04-26,No
1555,Ishaan Reddy,Male,Bangalore,2023-04-10,Yes
1556,Kavya Sharma,Male,Mumbai,2023-09-13,Yes
1557,Ira Singh,Male,Delhi,2023-12-02,Yes
1558,Sneha Nair,Female,Mumbai,2023-10-07,Yes
1559,Ananya Iyer,Male,Mumbai,2023-10-24,Yes
1560,Krishna Gupta,Male,Delhi,2023-03-02,No
1561,Vihaan Mehta,Female,Pune,2023-06-26,No
1562,Vivaan Gupta,Female,Pune,2023-02-28,No
1563,Reyansh Reddy,Female,Hyderabad,2023-05-26,No
1564,Arjun Mehta,Female,Pune,2023-12-09,Yes
1565,Shaurya Nair,Female,Delhi,2023-11-21,No
1566,Shaurya Sharma,Male,Hyderabad,2023-08-03,No
1567,Aditya Mehta,Female,Hyderabad,2023-12-25,No
1568,Riya Singh,Male,Mumbai,2023-07-28,No
1569,Shaurya Khan,Male,Pune,2023-08-07,No
1570,Sneha Khan,Female,Hyderabad,2023-02-19,No
1571,Sai Patel,Female,Delhi,2023-02-11,No
1572,Arjun Gupta,Male,Delhi,2023-09-25,Yes
1573,Ira Reddy,Male,Pune,2023-12-25,No
1574,Aarav Sharma,Male,Pune,2023-11-18,Yes
1575,Aarav Sharma,Female,Bangalore,2023-08-18,Yes
1576,Riya Mehta,Male,Pune,2023-11-30,No
1577,Aditya Patel,Female,Pune,2023-12-30,No
1578,Ira Reddy,Female,Mumbai,2023-06-25,Yes
1579,Kavya Iyer,Female,Delhi,2023-08-05,Yes
1580,Ishaan Reddy,Female,Mumbai,2023-07-18,No
1581,Sneha Gupta,Male,Mumbai,2023-01-01,Yes
1582,Riya Gupta,Female,Mumbai,2023-12-25,Yes
1583,Ishaan Reddy,Male,Bangalore,2023-06-09,No
1584,Myra Gupta,Male,Bangalore,2023-11-01,No
1585,Kavya Patel,Female,Hyderabad,2023-11-19,Yes
1586,Ira Nair,Male,Pune,2023-11-29,Yes
1587,Myra Patel,Female,Bangalore,2023-12-10,No
1588,Riya Khan,Male,Mumbai,2023-11-22,Yes
1589,Ishaan Gupta,Male,Mumbai,2023-12-03,Yes
1590,Ishaan Khan,Female,Pune,2023-08-01,Yes
1591,Aditya Khan,Female,Pune,2023-11-23,Yes
1592,Saanvi Verma,Male,Pune,2023-04-09,Yes
1593,Diya Mehta,Male,Pune,2023-11-23,No
1594,Ira Iyer,Female,Bangalore,2023-12-06,No
1595,Reyansh Verma,Male,Mumbai,2023-06-25,Yes
1596,Vivaan Singh,Female,Delhi,2023-12-21,No
1597,Diya Verma,Female,Mumbai,2023-03-24,No
1598,Aadhya Patel,Male,Pune,2023-06-08,Yes
1599,Reyansh Iyer,Male,Pune,2023-07-31,No
1600,Krishna Sharma,Female,Pune,2023-10-22,Yes
1601,Vivaan Iyer,Male,Mumbai,2023-06-08,Yes
1602,Vivaan Nair,Female,Bangalore,2023-05-29,No
1603,Aarav Patel,Male,Mumbai,2023-05-25,No
1604,Aadhya Gupta,Female,Pune,2023-12-25,Yes
1605,Sneha Khan,Male,Bangalore,2023-05-27,No
1606,Kavya Reddy,Female,Bangalore,2023-08-30,Yes
1607,Ishaan Reddy,Male,Bangalore,2023-04-29,No
1608,Shaurya Patel,Male,Bangalore,2023-12-15,No
1609,Diya Verma,Male,Pune,2023-07-17,No
1610,Aarav Gupta,Female,Bangalore,2023-08-19,Yes
1611,Kavya Reddy,Female,Mumbai,2023-12-28,No
1612,Shaurya Patel,Female,Hyderabad,2023-03-25,No
1613,Aditya Sharma,Female,Mumbai,2023-07-22,Yes
1614,Reyansh Mehta,Female,Delhi,2023-11-22,No
1615,Aadhya Khan,Female,Pune,2023-08-11,No
1616,Krishna Patel,Female,Pune,2023-11-13,Yes
1617,Krishna Nair,Male,Hyderabad,2023-02-22,Yes
1618,Diya Verma,Female,Pune,2023-07-15,Yes
1619,Vivaan Mehta,Male,Mumbai,2023-09-06,No
1620,Riya Iyer,Female,Mumbai,2023-08-06,Yes
1621,Krishna Reddy,Female,Mumbai,2023-12-06,Yes
1622,Vivaan Singh,Female,Bangalore,2023-11-13,No
1623,Ira Sharma,Male,Mumbai,2023-01-16,No
1624,Saanvi Reddy,Male,Pune,2023-07-25,No
1625,Sai Iyer,Female,Hyderabad,2023-10-11,Yes
1626,Arjun Patel,Male,Pune,2023-12-25,Yes
1627,Arjun Verma,Male,Hyderabad,2023-10-24,Yes
1628,Sai Gupta,Male,Hyderabad,2023-02-04,No
1629,Arjun Patel,Male,Mumbai,2023-04-09,No
1630,Vivaan Reddy,Male,Pune,2023-06-05,Yes
1631,Arjun Iyer,Male,Pune,2023-04-29,No
1632,Ishaan Sharma,Female,Hyderabad,2023-01-26,Yes
1633,Krishna Mehta,Female,Delhi,2023-03-14,No
1634,Ananya Gupta,Male,Bangalore,2023-04-20,Yes
1635,Reyansh Sharma,Male,Hyderabad,2023-11-26,No
1636,Riya Khan,Male,Hyderabad,2023-12-25,No
1637,Aarav Nair,Female,Bangalore,2023-03-10,No
1638,Shaurya Singh,Male,Pune,2023-04-16,No
1639,Aadhya Sharma,Male,Pune,2023-08-01,No
1640,Shaurya Patel,Female,Delhi,2023-12-25,No
1641,Arjun Verma,Male,Hyderabad,2023-07-30,No
1642,Sai Gupta,Female,Mumbai,2023-01-08,No
1643,Ananya Patel,Female,Delhi,2023-09-15,No
1644,Ananya Singh,Male,Mumbai,2023-10-22,Yes
1645,Kavya Patel,Female,Bangalore,2023-04-17,No
1646,Shaurya Singh,Female,Mumbai,2023-08-13,Yes
1647,Aadhya Nair,Male,Pune,2023-12-07,No
1648,Reyansh Reddy,Female,Bangalore,2023-07-12,Yes
1649,Aadhya Sharma,Male,Delhi,2023-03-25,No
1650,Diya Verma,Female,Pune,2023-03-03,No
1651,Ishaan Patel,Male,Delhi,2023-10-31,No
1652,Shaurya Patel,Male,Bangalore,2023-08-10,No
1653,Aditya Verma,Female,Delhi,2023-08-17,Yes
1654,Riya Khan,Male,Hyderabad,2023-07-13,No
1655,Kavya Iyer,Male,Bangalore,2023-07-10,No
1656,Saanvi Patel,Male,Bangalore,2023-02-19,Yes
1657,Shaurya Patel,Male,Pune,2023-05-10,No
1658,Reyansh Gupta,Male,Mumbai,2023-12-25,No
1659,Vivaan Khan,Female,Mumbai,2023-03-08,No
1660,Vihaan Patel,Male,Bangalore,2023-04-10,Yes
1661,Vivaan Iyer,Female,Delhi,2023-06-02,No
1662,Myra Patel,Female,Bangalore,2023-09-02,No
1663,Sneha Nair,Female,Hyderabad,2023-09-08,No
1664,Vihaan Patel,Male,Mumbai,2023-12-17,Yes
1665,Myra Mehta,Female,Delhi,2023-12-30,No
1666,Sai Verma,Male,Delhi,2023-04-24,No
1667,Ishaan Iyer,Male,Pune,2023-07-28,Yes
1668,Aditya Iyer,Male,Delhi,2023-12-27,No
1669,Aditya Singh,Male,Delhi,2023-12-15,Yes
1670,Vihaan Nair,Male,Delhi,2023-11-20,No
1671,Saanvi Reddy,Female,Delhi,2023-07-28,No
1672,Riya Nair,Female,Bangalore,2023-11-26,Yes
1673,Ishaan Verma,Female,Delhi,2023-09-11,Yes
1674,Vihaan Khan,Male,Delhi,2023-02-05,No
1675,Diya Singh,Female,Mumbai,2023-01-08,Yes
1676,Sneha Mehta,Male,Delhi,2023-08-18,Yes
1677,Sneha Verma,Female,Pune,2023-12-03,Yes
1678,Vihaan Reddy,Male,Mumbai,2023-08-06,Yes
1679,Reyansh Nair,Female,Mumbai,2023-02-26,No
1680,Aadhya Khan,Female,Delhi,2023-01-07,Yes
1681,Sneha Nair,Male,Pune,2023-12-25,No
1682,Ira Khan,Female,Mumbai,2023-07-19,No
1683,Sai Khan,Male,Delhi,2023-06-08,Yes
1684,Sneha Iyer,Male,Hyderabad,2023-01-08,Yes
1685,Vivaan Singh,Female,Pune,2023-01-25,Yes
1686,Riya Singh,Male,Delhi,2023-01-21,Yes
1687,Kavya Nair,Female,Delhi,2023-11-26,Yes
1688,Vivaan Nair,Female,Delhi,2023-12-20,No
1689,Ira Reddy,Female,Bangalore,2023-03-26,No
1690,Aarav Singh,Male,Delhi,2023-11-29,Yes
1691,Aditya Singh,Male,Mumbai,2023-10-07,Yes
1692,Reyansh Gupta,Female,Pune,2023-01-25,Yes
1693,Saanvi Reddy,Male,Hyderabad,2023-01-01,Yes
1694,Sai Mehta,Male,Hyderabad,2023-12-25,No
1695,Vivaan Mehta,Male,Bangalore,2023-11-24,Yes
1696,Shaurya Reddy,Female,Pune,2023-09-15,No
1697,Krishna Iyer,Female,Hyderabad,2023-02-10,No
1698,Diya Verma,Male,Pune,2023-08-17,No
1699,Shaurya Singh,Male,Pune,2023-08-02,Yes
1700,Arjun Gupta,Male,Hyderabad,2023-04-14,No
1701,Anika Patel,Male,Pune,2023-08-12,No
1702,Saanvi Verma,Male,Mumbai,2023-08-30,Yes
1703,Kavya Verma,Male,Bangalore,2023-11-07,Yes
1704,Ananya Reddy,Female,Hyderabad,2023-01-07,No
1705,Kavya Sharma,Male,Delhi,2023-03-31,Yes
1706,Kavya Nair,Male,Hyderabad,2023-05-12,Yes
1707,Sneha Nair,Female,Bangalore,2023-09-10,Yes
1708,Sai Khan,Female,Mumbai,2023-03-22,No
1709,Vivaan Gupta,Male,Pune,2023-02-19,Yes
1710,Kavya Reddy,Male,Hyderabad,2023-04-17,Yes
1711,Shaurya Singh,Male,Hyderabad,2023-07-30,Yes
1712,Sai Patel,Male,Delhi,2023-08-17,Yes
1713,Krishna Patel,Male,Delhi,2023-09-04,Yes
1714,Krishna Mehta,Male,Bangalore,2023-05-21,Yes
1715,Sai Iyer,Male,Pune,2023-03-14,No
1716,Krishna Nair,Male,Delhi,2023-06-27,Yes
1717,Kavya Verma,Female,Bangalore,2023-02-24,No
1718,Saanvi Verma,Male,Bangalore,2023-05-20,Yes
1719,Saanvi Patel,Female,Hyderabad,2023-01-22,No
1720,Arjun Nair,Male,Delhi,2023-11-11,Yes
1721,Aadhya Khan,Female,Hyderabad,2023-12-20,No
1722,Aadhya Nair,Male,Hyderabad,2023-10-04,No
1723,Aarav Iyer,Female,Bangalore,2023-08-19,Yes
1724,Myra Singh,Male,Hyderabad,2023-12-28,Yes
1725,Krishna Mehta,Male,Mumbai,2023-09-03,No
1726,Shaurya Reddy,Male,Hyderabad,2023-09-22,No
1727,Sneha Verma,Male,Delhi,2023-06-24,No
1728,Aarav Nair,Female,Delhi,2023-03-13,No
1729,Aarav Sharma,Female,Bangalore,2023-03-31,No
1730,Ananya Nair,Male,Hyderabad,2023-07-11,Yes
1731,Aarav Nair,Female,Pune,2023-01-10,No
1732,Myra Sharma,Male,Delhi,2023-07-20,Yes
1733,Vihaan Singh,Male,Pune,2023-01-12,No
1734,Sneha Khan,Female,Hyderabad,2023-12-25,Yes
1735,Sneha Verma,Female,Pune,2023-12-02,Yes
1736,Aarav Nair,Female,Delhi,2023-03-23,No
1737,Aarav Iyer,Male,Bangalore,2023-12-08,Yes
1738,Ira Mehta,Female,Delhi,2023-04-06,No
1739,Aditya Sharma,Male,Delhi,2023-11-13,Yes
1740,Kavya Mehta,Female,Mumbai,2023-08-11,Yes
1741,Sai Gupta,Female,Hyderabad,2023-05-12,No
1742,Vivaan Nair,Female,Hyderabad,2023-10-27,Yes
1743,Ananya Sharma,Male,Pune,2023-02-13,No
1744,Ananya Sharma,Female,Bangalore,2023-11-28,Yes
1745,Riya Patel,Male,Bangalore,2023-12-25,No
1746,Vivaan Singh,Male,Delhi,2023-06-21,No
1747,Saanvi Reddy,Male,Pune,2023-01-30,Yes
1748,Vivaan Sharma,Female,Delhi,2023-04-01,No
1749,Sai Patel,Male,Mumbai,2023-01-10,No
1750,Aadhya Iyer,Female,Bangalore,2023-11-06,Yes
1751,Vivaan Gupta,Male,Delhi,2023-10-13,No
1752,Shaurya Sharma,Female,Pune,2023-04-11,Yes
1753,Aditya Reddy,Male,Mumbai,2023-06-04,No
1754,Vivaan Verma,Male,Hyderabad,2023-02-28,Yes
1755,Krishna Nair,Male,Bangalore,2023-01-20,No
1756,Aditya Reddy,Male,Delhi,2023-08-10,No
1757,Diya Verma,Male,Hyderabad,2023-12-08,No
1758,Arjun Reddy,Female,Delhi,2023-12-23,No
1759,Sai Iyer,Female,Hyderabad,2023-12-25,No
1760,Sneha Verma,Female,Hyderabad,2023-09-05,No
1761,Kavya Verma,Male,Mumbai,2023-12-25,Yes
1762,Ishaan Sharma,Male,Pune,2023-01-30,No
1763,Shaurya Reddy,Female,Hyderabad,2023-12-25,Yes
1764,Arjun Mehta,Male,Mumbai,2023-07-03,Yes
1765,Shaurya Reddy,Male,Mumbai,2023-09-01,No
1766,Ira Gupta,Male,Hyderabad,2023-09-09,Yes
1767,Krishna Verma,Female,Hyderabad,2023-08-02,Yes
1768,Vihaan Mehta,Female,Mumbai,2023-03-05,Yes
1769,Arjun Singh,Male,Hyderabad,2023-06-04,Yes
1770,Vivaan Patel,Female,Delhi,2023-01-31,No
1771,Ishaan Khan,Male,Pune,2023-07-20,Yes
1772,Ishaan Gupta,Female,Hyderabad,2023-01-06,No
1773,Kavya Patel,Female,Bangalore,2023-04-10,No
1774,Anika Patel,Male,Bangalore,2023-02-05,Yes
1775,Aadhya Verma,Female,Hyderabad,2023-06-28,No
1776,Kavya Nair,Female,Bangalore,2023-12-19,Yes
1777,Krishna Patel,Male,Mumbai,2023-09-30,Yes
1778,Ira Verma,Female,Bangalore,2023-12-01,Yes
1779,Aditya Nair,Female,Mumbai,2023-08-03,Yes
1780,Saanvi Sharma,Male,Bangalore,2023-06-25,Yes
1781,Saanvi Gupta,Male,Hyderabad,2023-01-29,Yes
1782,Aarav Sharma,Male,Pune,2023-07-26,No
1783,Riya Mehta,Female,Hyderabad,2023-03-09,Yes
1784,Sneha Nair,Female,Delhi,2023-08-28,Yes
1785,Riya Mehta,Male,Pune,2023-01-12,No
1786,Riya Patel,Female,Mumbai,2023-12-16,Yes
1787,Vivaan Iyer,Male,Hyderabad,2023-03-11,No
1788,Vihaan Iyer,Male,Delhi,2023-04-12,Yes
1789,Sneha Nair,Male,Delhi,2023-08-04,No
1790,Ishaan Mehta,Male,Delhi,2023-08-31,Yes
1791,Aarav Patel,Male,Pune,2023-03-25,Yes
1792,Saanvi Nair,Male,Pune,2023-12-25,Yes
1793,Vihaan Mehta,Male,Hyderabad,2023-12-18,No
1794,Arjun Iyer,Female,Pune,2023-03-26,No
1795,Aarav Khan,Male,Hyderabad,2023-12-11,No
1796,Kavya Verma,Male,Bangalore,2023-08-24,Yes
1797,Aarav Gupta,Female,Pune,2023-07-29,Yes
1798,Arjun Sharma,Male,Delhi,2023-03-27,Yes
1799,Vivaan Patel,Male,Delhi,2023-12-02,No
1800,Riya Khan,Female,Delhi,2023-12-25,No
1801,Shaurya Gupta,Female,Pune,2023-04-16,Yes
1802,Riya Reddy,Female,Mumbai,2023-12-26,No
1803,Saanvi Khan,Male,Delhi,2023-02-23,No
1804,Sneha Singh,Female,Pune,2023-09-24,Yes
1805,Vihaan Verma,Female,Mumbai,2023-07-03,Yes
1806,Kavya Verma,Male,Pune,2023-05-23,No
1807,Reyansh Gupta,Female,Pune,2023-02-25,No
1808,Myra Sharma,Male,Bangalore,2023-12-17,No
1809,Arjun Sharma,Male,Pune,2023-01-21,Yes
1810,Arjun Sharma,Female,Hyderabad,2023-12-25,No
1811,Riya Khan,Male,Hyderabad,2023-05-09,No
1812,Ira Patel,Female,Mumbai,2023-11-25,Yes
1813,Ishaan Nair,Female,Pune,2023-01-17,Yes
1814,Aadhya Singh,Male,Mumbai,2023-06-05,Yes
1815,Riya Patel,Male,Mumbai,2023-06-11,No
1816,Sneha Nair,Female,Pune,2023-01-29,Yes
1817,Vivaan Sharma,Female,Delhi,2023-06-07,Yes
1818,Riya Singh,Female,Mumbai,2023-06-16,No
1819,Vihaan Khan,Female,Mumbai,2023-12-11,No
1820,Krishna Sharma,Male,Delhi,2023-04-08,Yes
1821,Riya Nair,Male,Pune,2023-04-19,No
1822,Kavya Mehta,Male,Bangalore,2023-06-13,No
1823,Ishaan Nair,Male,Hyderabad,2023-08-19,No
1824,Aadhya Patel,Male,Hyderabad,2023-06-13,Yes
1825,Aadhya Nair,Male,Mumbai,2023-02-22,No
1826,Vivaan Nair,Male,Hyderabad,2023-05-18,Yes
1827,Anika Gupta,Female,Pune,2023-07-15,Yes
1828,Sai Reddy,Male,Hyderabad,2023-01-01,No
1829,Aadhya Verma,Female,Mumbai,2023-07-25,No
1830,Aadhya Gupta,Male,Bangalore,2023-12-25,No
1831,Shaurya Mehta,Male,Pune,2023-11-26,No
1832,Aarav Singh,Female,Mumbai,2023-10-30,Yes
1833,Diya Reddy,Male,Pune,2023-12-25,No
1834,Saanvi Sharma,Male,Bangalore,2023-07-23,Yes
1835,Krishna Reddy,Female,Delhi,2023-05-11,No
1836,Ira Patel,Male,Mumbai,2023-11-20,Yes
1837,Ira Sharma,Female,Hyderabad,2023-05-03,Yes
1838,Kavya Sharma,Female,Bangalore,2023-08-28,No
1839,Anika Singh,Female,Mumbai,2023-12-20,No
1840,Kavya Reddy,Female,Hyderabad,2023-10-07,No
1841,Vivaan Verma,Male,Hyderabad,2023-09-30,No
1842,Sneha Mehta,Female,Bangalore,2023-04-17,No
1843,Shaurya Gupta,Female,Pune,2023-08-30,No
1844,Arjun Iyer,Female,Hyderabad,2023-04-24,Yes
1845,Reyansh Iyer,Female,Bangalore,2023-06-06,Yes
1846,Ira Patel,Male,Bangalore,2023-06-22,Yes
1847,Ishaan Patel,Female,Bangalore,2023-02-14,No
1848,Aarav Verma,Male,Mumbai,2023-01-30,No
1849,Anika Iyer,Female,Bangalore,2023-12-25,No
1850,Sneha Gupta,Male,Delhi,2023-02-06,No
1851,Ishaan Singh,Female,Bangalore,2023-08-12,Yes
1852,Krishna Khan,Female,Pune,2023-02-12,No
1853,Aditya Sharma,Male,Delhi,2023-03-17,Yes
1854,Anika Gupta,Female,Delhi,2023-01-25,No
1855,Kavya Gupta,Female,Delhi,2023-01-20,Yes
1856,Aadhya Reddy,Male,Pune,2023-12-20,No
1857,Kavya Mehta,Female,Pune,2023-12-25,No
1858,Saanvi Reddy,Female,Pune,2023-09-06,No
1859,Sai Khan,Male,Delhi,2023-01-11,No
1860,Shaurya Iyer,Male,Bangalore,2023-12-25,Yes
1861,Anika Reddy,Male,Delhi,2023-06-18,No
1862,Diya Sharma,Female,Delhi,2023-02-03,Yes
1863,Ishaan Sharma,Male,Hyderabad,2023-04-13,Yes
1864,Kavya Iyer,Male,Bangalore,2023-02-22,No
1865,Diya Sharma,Male,Delhi,2023-11-30,No
1866,Arjun Patel,Male,Pune,2023-09-11,No
1867,Reyansh Verma,Male,Mumbai,2023-06-07,No
1868,Shaurya Verma,Male,Delhi,2023-12-20,No
1869,Saanvi Reddy,Female,Delhi,2023-02-14,Yes
1870,Aadhya Patel,Female,Bangalore,2023-08-09,Yes
1871,Anika Sharma,Male,Mumbai,2023-03-05,Yes
1872,Riya Khan,Female,Mumbai,2023-12-25,No
1873,Shaurya Reddy,Female,Mumbai,2023-07-26,No
1874,Aditya Reddy,Female,Delhi,2023-06-07,Yes
1875,Arjun Reddy,Male,Bangalore,2023-05-25,Yes
1876,Vihaan Sharma,Male,Hyderabad,2023-11-22,No
1877,Aadhya Singh,Female,Hyderabad,2023-01-29,No
1878,Myra Sharma,Female,Hyderabad,2023-12-26,No
1879,Ira Patel,Male,Delhi,2023-11-27,No
1880,Diya Iyer,Female,Bangalore,2023-02-10,Yes
1881,Krishna Reddy,Male,Delhi,2023-03-01,Yes
1882,Kavya Sharma,Male,Delhi,2023-01-04,No
1883,Myra Patel,Male,Delhi,2023-09-09,Yes
1884,Ishaan Gupta,Male,Hyderabad,2023-11-04,Yes
1885,Sneha Sharma,Male,Bangalore,2023-07-11,No
1886,Diya Gupta,Female,Hyderabad,2023-07-26,No
1887,Reyansh Iyer,Male,Mumbai,2023-10-13,No
1888,Myra Sharma,Female,Mumbai,2023-07-30,Yes
1889,Aarav Gupta,Female,Hyderabad,2023-10-07,Yes
1890,Diya Sharma,Male,Bangalore,2023-12-30,Yes
1891,Myra Patel,Male,Delhi,2023-09-06,No
1892,Kavya Nair,Female,Bangalore,2023-07-16,Yes
1893,Saanvi Khan,Male,Pune,2023-12-08,Yes
1894,Reyansh Khan,Male,Hyderabad,2023-10-03,No
1895,Aarav Iyer,Female,Bangalore,2023-02-18,No
1896,Vivaan Iyer,Male,Delhi,2023-08-10,Yes
1897,Sai Mehta,Male,Hyderabad,2023-02-11,Yes
1898,Kavya Sharma,Female,Mumbai,2023-12-06,No
1899,Vihaan Nair,Female,Delhi,2023-04-03,No
1900,Anika Reddy,Male,Mumbai,2023-12-25,No
1901,Ira Sharma,Female,Delhi,2023-10-12,No
1902,Aarav Gupta,Female,Pune,2023-12-25,Yes
1903,Anika Khan,Male,Bangalore,2023-12-25,No
1904,Vivaan Iyer,Female,Bangalore,2023-12-25,No
1905,Aditya Khan,Female,Hyderabad,2023-09-23,No
1906,Anika Reddy,Male,Bangalore,2023-10-10,Yes
1907,Riya Mehta,Female,Pune,2023-02-20,No
1908,Aadhya Iyer,Female,Mumbai,2023-02-20,Yes
1909,Ishaan Singh,Female,Mumbai,2023-09-08,Yes
1910,Riya Singh,Male,Delhi,2023-05-03,No
1911,Reyansh Singh,Male,Hyderabad,2023-09-25,No
1912,Ishaan Gupta,Female,Delhi,2023-07-12,Yes
1913,Ira Singh,Male,Delhi,2023-03-09,Yes
1914,Riya Singh,Female,Hyderabad,2023-05-05,Yes
1915,Krishna Khan,Male,Delhi,2023-10-23,Yes
1916,Aadhya Singh,Male,Pune,2023-03-02,Yes
1917,Riya Nair,Male,Mumbai,2023-02-01,No
1918,Sneha Nair,Female,Bangalore,2023-12-30,No
1919,Diya Patel,Female,Hyderabad,2023-02-13,Yes
1920,Diya Iyer,Female,Bangalore,2023-02-22,Yes
1921,Diya Singh,Male,Pune,2023-09-07,No
1922,Krishna Khan,Female,Hyderabad,2023-11-16,Yes
1923,Riya Verma,Female,Pune,2023-12-25,No
1924,Diya Sharma,Female,Hyderabad,2023-07-31,No
1925,Ira Gupta,Female,Delhi,2023-12-09,No
1926,Myra Mehta,Female,Mumbai,2023-05-09,No
1927,Ishaan Khan,Female,Mumbai,2023-07-22,Yes
1928,Ishaan Iyer,Male,Hyderabad,2023-08-24,Yes
1929,Ananya Patel,Female,Delhi,2023-02-16,No
1930,Aarav Singh,Male,Mumbai,2023-06-04,No
1931,Vivaan Iyer,Male,Delhi,2023-12-07,No
1932,Reyansh Sharma,Female,Mumbai,2023-10-31,No
1933,Ananya Sharma,Female,Pune,2023-11-04,No
1934,Aarav Patel,Male,Bangalore,2023-11-19,Yes
1935,Aarav Mehta,Male,Bangalore,2023-09-27,Yes
1936,Aarav Khan,Male,Pune,2023-07-24,No
1937,Aditya Khan,Female,Pune,2023-03-31,Yes
1938,Saanvi Nair,Male,Delhi,2023-12-25,Yes
1939,Riya Iyer,Male,Mumbai,2023-05-06,No
1940,Vivaan Khan,Female,Delhi,2023-04-19,No
1941,Riya Khan,Male,Pune,2023-08-13,No
1942,Saanvi Patel,Female,Pune,2023-06-28,Yes
1943,Myra Gupta,Female,Bangalore,2023-07-01,Yes
1944,Aditya Singh,Female,Mumbai,2023-11-11,Yes
1945,Krishna Nair,Female,Hyderabad,2023-06-29,No
1946,Myra Nair,Male,Pune,2023-06-05,Yes
1947,Diya Nair,Female,Pune,2023-04-29,Yes
1948,Ira Nair,Male,Mumbai,2023-08-16,No
1949,Reyansh Iyer,Female,Hyderabad,2023-09-26,Yes
1950,Aadhya Sharma,Male,Bangalore,2023-11-03,Yes
1951,Vivaan Verma,Female,Bangalore,2023-09-09,No
1952,Diya Singh,Male,Hyderabad,2023-02-20,Yes
1953,Sneha Sharma,Female,Mumbai,2023-03-07,No
1954,Saanvi Khan,Female,Pune,2023-07-12,No
1955,Reyansh Verma,Female,Pune,2023-12-09,Yes
1956,Ananya Singh,Female,Bangalore,2023-09-28,Yes
1957,Aarav Sharma,Female,Mumbai,2023-11-25,Yes
1958,Arjun Iyer,Female,Bangalore,2023-05-28,Yes
1959,Ira Iyer,Male,Delhi,2023-09-02,No
1960,Ira Patel,Male,Bangalore,2023-02-23,No
1961,Reyansh Mehta,Female,Delhi,2023-09-12,Yes
1962,Vihaan Mehta,Female,Mumbai,2023-03-29,No
1963,Arjun Nair,Male,Delhi,2023-12-25,Yes
1964,Aadhya Singh,Male,Mumbai,2023-08-20,Yes
1965,Krishna Verma,Male,Delhi,2023-05-02,No
1966,Arjun Khan,Female,Pune,2023-09-03,No
1967,Saanvi Nair,Male,Mumbai,2023-09-17,No
1968,Anika Iyer,Female,Delhi,2023-12-25,No
1969,Shaurya Mehta,Male,Delhi,2023-06-16,No
1970,Anika Verma,Male,Hyderabad,2023-02-20,No
1971,Sai Mehta,Male,Hyderabad,2023-12-16,Yes
1972,Vihaan Nair,Male,Hyderabad,2023-10-11,Yes
1973,Sai Iyer,Male,Hyderabad,2023-12-25,No
1974,Aadhya Reddy,Female,Delhi,2023-07-18,No
1975,Diya Mehta,Female,Hyderabad,2023-01-04,Yes
1976,Aarav Patel,Male,Delhi,2023-12-25,Yes
1977,Riya Khan,Female,Delhi,2023-09-20,No
1978,Ira Reddy,Female,Pune,2023-03-02,No
1979,Myra Khan,Female,Pune,2023-04-23,No
1980,Saanvi Mehta,Male,Pune,2023-03-26,Yes
1981,Aarav Gupta,Female,Bangalore,2023-08-16,Yes
1982,Shaurya Sharma,Male,Pune,2023-03-15,Yes
1983,Shaurya Sharma,Female,Bangalore,2023-06-08,Yes
1984,Vivaan Gupta,Female,Mumbai,2023-03-20,Yes
1985,Reyansh Sharma,Female,Delhi,2023-12-15,No
1986,Ira Verma,Female,Delhi,2023-02-24,Yes
1987,Sneha Nair,Female,Mumbai,2023-01-01,Yes
1988,Sai Reddy,Female,Pune,2023-08-31,No
1989,Krishna Singh,Male,Bangalore,2023-06-30,No
1990,Diya Patel,Male,Mumbai,2023-03-28,No
1991,Vihaan Reddy,Female,Mumbai,2023-12-29,Yes
1992,Shaurya Nair,Female,Mumbai,2023-09-25,No
1993,Vivaan Patel,Male,Hyderabad,2023-05-28,No
1994,Ira Verma,Male,Hyderabad,2023-05-23,No
1995,Vivaan Khan,Male,Hyderabad,2023-09-05,Yes
1996,Aarav Mehta,Male,Bangalore,2023-05-15,Yes
1997,Ishaan Gupta,Female,Bangalore,2023-09-23,No
1998,Aditya Verma,Male,Mumbai,2023-04-23,Yes
1999,Ananya Nair,Male,Pune,2023-12-25,Yes
2000,Aditya Singh,Female,Hyderabad,2023-07-20,Yes
2001,Krishna Khan,Female,Pune,2023-07-21,Yes
2002,Ira Reddy,Male,Pune,2023-08-07,No
2003,Vihaan Sharma,Male,Mumbai,2023-09-27,No
2004,Aadhya Gupta,Female,Pune,2023-01-20,Yes
2005,Krishna Khan,Female,Bangalore,2023-12-25,No
2006,Aadhya Singh,Male,Pune,2023-02-06,Yes
2007,Sai Gupta,Female,Bangalore,2023-04-24,Yes
2008,Arjun Nair,Female,Pune,2023-12-24,No
2009,Diya Mehta,Female,Mumbai,2023-02-08,Yes
2010,Aarav Sharma,Male,Pune,2023-12-30,No
2011,Ananya Patel,Male,Mumbai,2023-03-10,No
2012,Kavya Mehta,Male,Delhi,2023-07-08,No
2013,Kavya Mehta,Male,Hyderabad,2023-04-29,No
2014,Anika Gupta,Male,Mumbai,2023-11-18,No
2015,Shaurya Mehta,Female,Mumbai,2023-09-19,No
2016,Anika Nair,Female,Bangalore,2023-12-12,No
2017,Arjun Mehta,Male,Mumbai,2023-04-30,Yes
2018,Diya Sharma,Male,Hyderabad,2023-12-25,Yes
2019,Vihaan Reddy,Male,Mumbai,2023-08-02,Yes
2020,Aadhya Verma,Male,Hyderabad,2023-10-01,Yes
2021,Sneha Iyer,Male,Pune,2023-08-22,No
2022,Kavya Patel,Male,Delhi,2023-02-11,No
2023,Kavya Verma,Male,Pune,2023-04-07,Yes
2024,Vihaan Nair,Male,Mumbai,2023-12-11,No
2025,Shaurya Sharma,Male,Mumbai,2023-11-12,Yes
2026,Krishna Nair,Male,Bangalore,2023-05-05,Yes
2027,Shaurya Nair,Female,Pune,2023-10-06,Yes
2028,Riya Patel,Female,Bangalore,2023-12-25,No
2029,Aadhya Reddy,Male,Mumbai,2023-04-16,No
2030,Riya Mehta,Female,Bangalore,2023-04-15,Yes
2031,Ira Nair,Male,Bangalore,2023-12-25,No
2032,Anika Mehta,Female,Delhi,2023-09-18,No
2033,Ira Sharma,Female,Delhi,2023-12-25,Yes
2034,Shaurya Patel,Female,Delhi,2023-07-16,Yes
2035,Sai Nair,Male,Bangalore,2023-04-21,Yes
2036,Krishna Singh,Female,Delhi,2023-08-31,Yes
2037,Myra Khan,Male,Pune,2023-07-30,Yes
2038,Kavya Sharma,Female,Delhi,2023-10-11,Yes
2039,Saanvi Gupta,Female,Pune,2023-03-26,No
2040,Shaurya Iyer,Female,Delhi,2023-08-29,Yes
2041,Krishna Reddy,Female,Hyderabad,2023-05-27,Yes
2042,Ananya Khan,Female,Mumbai,2023-12-25,Yes
2043,Vivaan Gupta,Female,Mumbai,2023-06-11,Yes
2044,Myra Singh,Female,Mumbai,2023-10-17,Yes
2045,Aarav Sharma,Male,Delhi,2023-05-19,No
2046,Ishaan Sharma,Male,Hyderabad,2023-12-25,No
2047,Ira Gupta,Female,Pune,2023-02-11,Yes
2048,Ira Reddy,Female,Mumbai,2023-12-31,No
2049,Aarav Verma,Female,Pune,2023-12-25,No
2050,Arjun Khan,Male,Delhi,2023-05-08,Yes
2051,Myra Verma,Female,Delhi,2023-03-23,Yes
2052,Aarav Patel,Female,Hyderabad,2023-12-25,Yes
2053,Krishna Gupta,Male,Hyderabad,2023-03-22,Yes
2054,Aditya Nair,Male,Hyderabad,2023-08-07,No
2055,Ishaan Singh,Male,Bangalore,2023-09-22,Yes
2056,Myra Khan,Female,Bangalore,2023-02-17,Yes
2057,Vihaan Iyer,Female,Delhi,2023-05-10,No
2058,Aadhya Iyer,Female,Bangalore,2023-06-01,No
2059,Myra Verma,Male,Pune,2023-03-21,No
2060,Sneha Khan,Male,Hyderabad,2023-08-30,No
2061,Myra Nair,Male,Delhi,2023-12-15,No
2062,Kavya Gupta,Male,Delhi,2023-01-08,No
2063,Diya Nair,Female,Mumbai,2023-03-17,No
2064,Aadhya Iyer,Female,Delhi,2023-12-06,Yes
2065,Myra Khan,Male,Mumbai,2023-08-01,Yes
2066,Ira Mehta,Female,Hyderabad,2023-07-09,Yes
2067,Myra Verma,Male,Pune,2023-10-10,No
2068,Aditya Sharma,Male,Mumbai,2023-07-09,No
2069,Aadhya Verma,Male,Pune,2023-01-08,No
2070,Ananya Gupta,Male,Bangalore,2023-12-25,No
2071,Diya Iyer,Male,Mumbai,2023-08-14,No
2072,Aditya Nair,Female,Mumbai,2023-01-26,Yes
2073,Sai Nair,Male,Hyderabad,2023-07-23,No
2074,Myra Khan,Female,Pune,2023-10-01,No
2075,Sneha Iyer,Male,Bangalore,2023-03-16,Yes
2076,Vihaan Singh,Male,Pune,2023-08-08,No
2077,Arjun Verma,Male,Bangalore,2023-04-01,No
2078,Riya Verma,Female,Delhi,2023-12-25,Yes
2079,Ishaan Singh,Male,Mumbai,2023-05-21,No
2080,Diya Singh,Female,Delhi,2023-05-28,No
2081,Aarav Mehta,Female,Mumbai,2023-03-25,No
2082,Sneha Sharma,Male,Pune,2023-03-24,No
2083,Reyansh Nair,Male,Delhi,2023-11-28,No
2084,Diya Mehta,Male,Pune,2023-05-23,Yes
2085,Arjun Sharma,Male,Mumbai,2023-11-25,Yes
2086,Krishna Verma,Female,Hyderabad,2023-06-16,Yes
2087,Shaurya Iyer,Female,Mumbai,2023-07-01,Yes
2088,Arjun Nair,Female,Hyderabad,2023-02-21,No
2089,Kavya Sharma,Male,Delhi,2023-07-22,Yes
2090,Ira Khan,Female,Pune,2023-05-13,Yes
2091,Krishna Verma,Male,Bangalore,2023-10-27,Yes
2092,Ira Mehta,Male,Bangalore,2023-12-18,No
2093,Riya Singh,Male,Hyderabad,2023-08-20,No
2094,Ira Nair,Female,Hyderabad,2023-08-16,Yes
2095,Kavya Verma,Female,Mumbai,2023-09-14,No
2096,Aarav Mehta,Female,Mumbai,2023-12-28,No
2097,Krishna Nair,Male,Pune,2023-08-26,Yes
2098,Saanvi Sharma,Female,Bangalore,2023-12-25,Yes
2099,Riya Mehta,Female,Mumbai,2023-09-16,Yes
2100,Aditya Nair,Female,Hyderabad,2023-04-03,No
2101,Aarav Iyer,Male,Mumbai,2023-06-25,Yes
2102,Aarav Patel,Male,Bangalore,2023-08-24,No
2103,Krishna Nair,Male,Bangalore,2023-12-25,No
2104,Vihaan Patel,Female,Mumbai,2023-03-03,No
2105,Aditya Gupta,Male,Hyderabad,2023-02-28,No
2106,Aarav Singh,Female,Pune,2023-11-05,Yes
2107,Aarav Iyer,Female,Mumbai,2023-11-22,Yes
2108,Vivaan Verma,Female,Hyderabad,2023-09-15,No
2109,Vivaan Gupta,Male,Mumbai,2023-07-06,No
2110,Vivaan Verma,Female,Pune,2023-01-28,Yes
2111,Aditya Sharma,Female,Delhi,2023-07-22,Yes
2112,Sai Patel,Male,Hyderabad,2023-05-23,Yes
2113,Aarav Verma,Male,Hyderabad,2023-12-25,No
2114,Anika Nair,Male,Delhi,2023-12-25,No
2115,Krishna Reddy,Female,Mumbai,2023-12-25,Yes
2116,Shaurya Gupta,Male,Bangalore,2023-11-29,No
2117,Arjun Nair,Male,Hyderabad,2023-09-29,No
2118,Vivaan Gupta,Female,Mumbai,2023-03-06,No
2119,Reyansh Mehta,Male,Hyderabad,2023-12-25,Yes
2120,Myra Iyer,Female,Hyderabad,2023-12-25,No
2121,Krishna Khan,Male,Delhi,2023-11-23,Yes
2122,Krishna Iyer,Male,Pune,2023-01-23,Yes
2123,Diya Iyer,Female,Delhi,2023-10-20,Yes
2124,Myra Mehta,Female,Pune,2023-11-02,No
2125,Aadhya Mehta,Female,Bangalore,2023-07-03,No
2126,Vivaan Iyer,Female,Delhi,2023-03-29,No
2127,Vihaan Khan,Male,Pune,2023-10-30,No
2128,Saanvi Patel,Female,Bangalore,2023-07-18,No
2129,Anika Sharma,Female,Hyderabad,2023-06-06,No
2130,Anika Gupta,Male,Bangalore,2023-05-27,No
2131,Myra Patel,Female,Hyderabad,2023-06-08,Yes
2132,Ishaan Sharma,Female,Hyderabad,2023-07-05,No
2133,Vivaan Verma,Female,Delhi,2023-12-25,Yes
2134,Diya Reddy,Female,Bangalore,2023-07-20,No
2135,Arjun Nair,Female,Delhi,2023-10-26,No
2136,Aarav Patel,Female,Mumbai,2023-04-24,No
2137,Kavya Patel,Female,Hyderabad,2023-09-11,Yes
2138,Kavya Singh,Female,Bangalore,2023-09-21,No
2139,Myra Sharma,Male,Bangalore,2023-12-07,Yes
2140,Sneha Reddy,Male,Delhi,2023-07-15,No
2141,Ananya Verma,Male,Delhi,2023-08-16,No
2142,Diya Sharma,Male,Hyderabad,2023-07-25,Yes
2143,Sai Singh,Male,Mumbai,2023-02-19,Yes
2144,Saanvi Verma,Female,Hyderabad,2023-11-28,No
2145,Saanvi Nair,Female,Bangalore,2023-01-26,Yes
2146,Kavya Iyer,Female,Pune,2023-04-25,Yes
2147,Sneha Patel,Male,Pune,2023-07-04,Yes
2148,Anika Nair,Female,Delhi,2023-01-10,Yes
2149,Aarav Singh,Female,Mumbai,2023-03-07,Yes
2150,Aditya Nair,Female,Bangalore,2023-04-07,No
2151,Vivaan Khan,Male,Hyderabad,2023-07-09,No
2152,Anika Iyer,Female,Delhi,2023-12-02,Yes
2153,Aarav Iyer,Male,Hyderabad,2023-06-07,Yes
2154,Kavya Khan,Male,Mumbai,2023-08-14,No
2155,Shaurya Iyer,Male,Mumbai,2023-11-26,Yes
2156,Sneha Iyer,Male,Hyderabad,2023-07-04,No
2157,Shaurya Nair,Male,Delhi,2023-11-26,No
2158,Arjun Nair,Male,Pune,2023-01-06,Yes
2159,Ishaan Sharma,Male,Bangalore,2023-06-29,Yes
2160,Aditya Iyer,Male,Hyderabad,2023-02-05,No
2161,Reyansh Singh,Male,Bangalore,2023-11-18,Yes
2162,Krishna Singh,Female,Pune,2023-11-08,No
2163,Aditya Patel,Male,Bangalore,2023-05-07,No
2164,Saanvi Gupta,Male,Hyderabad,2023-12-25,No
2165,Krishna Iyer,Female,Hyderabad,2023-09-16,Yes
2166,Shaurya Sharma,Male,Pune,2023-12-04,No
2167,Aarav Iyer,Male,Hyderabad,2023-03-12,Yes
2168,Aditya Gupta,Male,Hyderabad,2023-10-02,Yes
2169,Ishaan Khan,Female,Mumbai,2023-12-25,No
2170,Ira Khan,Male,Delhi,2023-05-31,Yes
2171,Saanvi Nair,Male,Bangalore,2023-08-06,Yes
2172,Riya Patel,Male,Pune,2023-11-07,Yes
2173,Arjun Verma,Female,Bangalore,2023-07-19,Yes
2174,Vivaan Nair,Male,Pune,2023-09-12,No
2175,Krishna Patel,Female,Bangalore,2023-07-08,No
2176,Saanvi Mehta,Female,Pune,2023-09-12,Yes
2177,Ira Patel,Female,Mumbai,2023-11-19,Yes
2178,Riya Iyer,Male,Bangalore,2023-11-26,Yes
2179,Reyansh Singh,Male,Hyderabad,2023-12-25,Yes
2180,Vihaan Khan,Female,Pune,2023-10-15,No
2181,Aadhya Gupta,Male,Delhi,2023-10-02,No
2182,Ishaan Mehta,Female,Hyderabad,2023-12-25,No
2183,Kavya Patel,Male,Hyderabad,2023-12-25,Yes
2184,Krishna Patel,Male,Pune,2023-02-25,Yes
2185,Aditya Patel,Female,Bangalore,2023-02-19,No
2186,Ishaan Verma,Female,Mumbai,2023-06-08,Yes
2187,Ananya Reddy,Female,Bangalore,2023-01-15,Yes
2188,Kavya Singh,Female,Pune,2023-08-22,Yes
2189,Ishaan Khan,Female,Mumbai,2023-05-10,No
2190,Ananya Nair,Female,Delhi,2023-11-02,Yes
2191,Krishna Sharma,Female,Delhi,2023-07-31,No
2192,Myra Sharma,Female,Delhi,2023-12-25,No
2193,Arjun Reddy,Male,Bangalore,2023-04-11,Yes
2194,Riya Nair,Male,Pune,2023-11-04,No
2195,Reyansh Mehta,Female,Delhi,2023-01-21,No
2196,Arjun Mehta,Female,Bangalore,2023-10-20,No
2197,Myra Verma,Male,Delhi,2023-01-18,No
2198,Anika Nair,Female,Delhi,2023-12-05,No
2199,Shaurya Reddy,Female,Delhi,2023-09-10,Yes
2200,Vihaan Patel,Male,Pune,2023-04-05,No
2201,Anika Iyer,Female,Pune,2023-12-25,No
2202,Ishaan Patel,Male,Bangalore,2023-08-12,No
2203,Krishna Sharma,Female,Hyderabad,2023-03-20,No
2204,Sneha Patel,Female,Bangalore,2023-02-04,No
2205,Ira Khan,Female,Bangalore,2023-01-21,Yes
2206,Anika Nair,Female,Pune,2023-12-25,No
2207,Krishna Sharma,Female,Pune,2023-06-12,No
2208,Anika Gupta,Female,Mumbai,2023-05-08,Yes
2209,Sneha Patel,Female,Hyderabad,2023-11-14,No
2210,Ira Khan,Male,Mumbai,2023-05-13,No
2211,Aditya Mehta,Female,Pune,2023-05-04,No
2212,Aadhya Nair,Male,Mumbai,2023-05-23,No
2213,Aarav Reddy,Male,Hyderabad,2023-03-17,Yes
2214,Sai Khan,Female,Pune,2023-06-06,Yes
2215,Anika Singh,Male,Hyderabad,2023-02-24,No
2216,Saanvi Singh,Male,Hyderabad,2023-07-28,No
2217,Anika Nair,Male,Pune,2023-03-13,No
2218,Krishna Khan,Female,Pune,2023-02-06,No
2219,Sneha Singh,Male,Bangalore,2023-04-27,Yes
2220,Ananya Singh,Male,Hyderabad,2023-04-05,Yes
2221,Aditya Reddy,Male,Hyderabad,2023-12-25,No
2222,Saanvi Sharma,Male,Hyderabad,2023-02-24,No
2223,Sneha Mehta,Male,Bangalore,2023-11-08,Yes
2224,Saanvi Patel,Male,Pune,2023-10-02,Yes
2225,Ishaan Nair,Female,Hyderabad,2023-03-07,Yes
2226,Vihaan Mehta,Male,Delhi,2023-02-07,No
2227,Diya Gupta,Male,Delhi,2023-01-27,Yes
2228,Krishna Gupta,Female,Hyderabad,2023-02-14,Yes
2229,Ira Mehta,Female,Hyderabad,2023-01-25,No
2230,Sneha Khan,Male,Bangalore,2023-12-25,No
2231,Saanvi Verma,Male,Mumbai,2023-03-23,No
2232,Vivaan Khan,Male,Hyderabad,2023-12-25,Yes
2233,Vihaan Khan,Female,Hyderabad,2023-05-22,Yes
2234,Ira Nair,Male,Mumbai,2023-04-18,No
2235,Saanvi Singh,Female,Mumbai,2023-05-10,No
2236,Shaurya Mehta,Male,Hyderabad,2023-07-06,No
2237,Arjun Iyer,Male,Hyderabad,2023-10-09,Yes
2238,Arjun Reddy,Female,Delhi,2023-09-02,No
2239,Krishna Singh,Male,Bangalore,2023-09-30,Yes
2240,Riya Patel,Male,Pune,2023-06-22,No
2241,Saanvi Khan,Male,Mumbai,2023-10-07,Yes
2242,Vihaan Iyer,Female,Bangalore,2023-08-03,No
2243,Anika Iyer,Female,Mumbai,2023-09-05,Yes
2244,Reyansh Gupta,Female,Bangalore,2023-12-07,Yes
2245,Krishna Reddy,Female,Bangalore,2023-03-07,No
2246,Reyansh Patel,Male,Bangalore,2023-03-19,No
2247,Kavya Gupta,Male,Hyderabad,2023-10-10,Yes
2248,Reyansh Gupta,Female,Bangalore,2023-05-28,Yes
2249,Vihaan Reddy,Male,Mumbai,2023-12-25,No
2250,Diya Khan,Male,Hyderabad,2023-11-13,No
2251,Ishaan Gupta,Male,Bangalore,2023-05-21,Yes
2252,Aarav Patel,Male,Mumbai,2023-09-20,Yes
2253,Vivaan Patel,Male,Delhi,2023-06-27,Yes
2254,Kavya Gupta,Female,Bangalore,2023-10-26,No
2255,Ira Mehta,Male,Mumbai,2023-12-25,Yes
2256,Sai Patel,Female,Pune,2023-03-07,No
2257,Ira Singh,Female,Pune,2023-09-29,Yes
2258,Arjun Verma,Female,Mumbai,2023-04-12,No
2259,Aadhya Nair,Female,Pune,2023-12-25,No
2260,Ananya Nair,Female,Mumbai,2023-04-26,Yes
2261,Myra Gupta,Male,Hyderabad,2023-09-08,No
2262,Myra Patel,Male,Delhi,2023-02-20,Yes
2263,Shaurya Nair,Male,Bangalore,2023-12-18,No
2264,Ishaan Sharma,Female,Delhi,2023-02-20,No
2265,Vivaan Nair,Male,Mumbai,2023-12-05,Yes
2266,Shaurya Khan,Female,Mumbai,2023-12-25,Yes
2267,Shaurya Reddy,Male,Bangalore,2023-12-25,Yes
2268,Aditya Mehta,Female,Bangalore,2023-03-07,No
2269,Kavya Nair,Female,Pune,2023-09-27,Yes
2270,Sai Nair,Female,Hyderabad,2023-12-25,No
2271,Anika Reddy,Male,Delhi,2023-11-11,Yes
2272,Aadhya Khan,Female,Pune,2023-02-19,Yes
2273,Shaurya Reddy,Female,Bangalore,2023-06-01,No
2274,Krishna Verma,Female,Hyderabad,2023-06-29,No
2275,Aadhya Nair,Female,Bangalore,2023-07-24,Yes
2276,Kavya Nair,Female,Bangalore,2023-09-04,No
2277,Riya Khan,Female,Bangalore,2023-12-28,No
2278,Aarav Patel,Male,Mumbai,2023-02-28,No
2279,Reyansh Sharma,Female,Delhi,2023-12-24,No
2280,Diya Khan,Female,Delhi,2023-12-25,No
2281,Kavya Reddy,Female,Delhi,2023-05-28,No
2282,Diya Verma,Male,Delhi,2023-10-17,No
2283,Sneha Gupta,Male,Mumbai,2023-06-07,No
2284,Vivaan Khan,Female,Delhi,2023-12-25,Yes
2285,Arjun Gupta,Male,Pune,2023-12-11,No
2286,Reyansh Reddy,Male,Delhi,2023-02-25,Yes
2287,Anika Patel,Female,Hyderabad,2023-12-25,No
2288,Ananya Iyer,Male,Pune,2023-07-16,No
2289,Sneha Iyer,Female,Bangalore,2023-04-12,Yes
2290,Kavya Patel,Female,Bangalore,2023-01-11,Yes
2291,Krishna Patel,Female,Hyderabad,2023-10-24,No
2292,Myra Gupta,Male,Pune,2023-08-21,No
2293,Aadhya Singh,Female,Pune,2023-05-21,Yes
2294,Aarav Gupta,Female,Mumbai,2023-09-19,No
2295,Aadhya Mehta,Female,Bangalore,2023-12-25,No
2296,Saanvi Nair,Male,Mumbai,2023-07-15,Yes
2297,Vivaan Mehta,Male,Pune,2023-02-18,Yes
2298,Myra Reddy,Male,Mumbai,2023-01-26,Yes
2299,Myra Mehta,Male,Hyderabad,2023-08-18,Yes
2300,Arjun Sharma,Male,Mumbai,2023-02-27,Yes
2301,Aditya Nair,Female,Hyderabad,2023-08-18,No
2302,Krishna Khan,Male,Mumbai,2023-04-16,No
2303,Aarav Gupta,Male,Pune,2023-02-19,No
2304,Vivaan Gupta,Male,Hyderabad,2023-12-25,Yes
2305,Diya Mehta,Male,Mumbai,2023-09-25,No
2306,Diya Iyer,Female,Delhi,2023-07-15,No
2307,Diya Patel,Male,Bangalore,2023-01-03,No
2308,Sneha Patel,Male,Delhi,2023-01-19,Yes
2309,Saanvi Singh,Male,Hyderabad,2023-11-25,Yes
2310,Ira Khan,Male,Hyderabad,2023-06-21,No
2311,Vivaan Nair,Male,Delhi,2023-02-09,No
2312,Vihaan Khan,Female,Mumbai,2023-11-02,Yes
2313,Saanvi Sharma,Female,Pune,2023-07-04,Yes
2314,Kavya Singh,Male,Pune,2023-12-25,Yes
2315,Kavya Nair,Female,Mumbai,2023-05-26,No
2316,Riya Iyer,Female,Delhi,2023-08-10,No
2317,Ira Khan,Male,Hyderabad,2023-04-25,Yes
2318,Anika Iyer,Male,Hyderabad,2023-10-28,No
2319,Krishna Gupta,Female,Hyderabad,2023-01-29,No
2320,Diya Nair,Male,Delhi,2023-09-04,Yes
2321,Aditya Verma,Female,Hyderabad,2023-06-25,No
2322,Sneha Verma,Male,Mumbai,2023-10-16,No
2323,Myra Singh,Female,Delhi,2023-09-20,No
2324,Reyansh Mehta,Female,Delhi,2023-07-22,No
2325,Aditya Khan,Female,Pune,2023-04-26,No
2326,Vihaan Nair,Female,Delhi,2023-10-14,Yes
2327,Ananya Gupta,Female,Delhi,2023-08-20,Yes
2328,Vivaan Sharma,Male,Bangalore,2023-12-16,Yes
2329,Shaurya Reddy,Male,Delhi,2023-12-25,Yes
2330,Aarav Patel,Male,Pune,2023-06-10,No
2331,Sneha Gupta,Male,Pune,2023-03-27,No
2332,Vivaan Khan,Female,Delhi,2023-12-28,No
2333,Kavya Gupta,Male,Hyderabad,2023-07-08,No
2334,Anika Iyer,Male,Pune,2023-11-23,No
2335,Aarav Verma,Female,Pune,2023-12-20,Yes
2336,Riya Iyer,Female,Delhi,2023-01-17,No
2337,Vivaan Mehta,Female,Pune,2023-02-03,No
2338,Vivaan Iyer,Male,Mumbai,2023-12-25,Yes
2339,Myra Verma,Female,Pune,2023-06-15,Yes
2340,Krishna Sharma,Male,Pune,2023-08-03,No
2341,Ishaan Gupta,Female,Mumbai,2023-02-21,Yes
2342,Ananya Nair,Male,Hyderabad,2023-12-25,No
2343,Diya Mehta,Female,Mumbai,2023-08-15,Yes
2344,Kavya Nair,Female,Delhi,2023-05-07,No
2345,Arjun Patel,Male,Mumbai,2023-07-24,Yes
2346,Sneha Mehta,Male,Delhi,2023-09-11,No
2347,Krishna Gupta,Male,Mumbai,2023-07-31,No
2348,Vihaan Sharma,Female,Delhi,2023-12-24,No
2349,Krishna Mehta,Female,Bangalore,2023-02-07,Yes
2350,Diya Singh,Male,Bangalore,2023-10-27,Yes
2351,Anika Reddy,Male,Mumbai,2023-11-04,Yes
2352,Sai Sharma,Male,Mumbai,2023-11-29,Yes
2353,Shaurya Patel,Male,Mumbai,2023-09-20,Yes
2354,Anika Gupta,Female,Hyderabad,2023-11-05,Yes
2355,Arjun Reddy,Male,Pune,2023-12-25,No
2356,Diya Singh,Male,Mumbai,2023-06-13,Yes
2357,Kavya Patel,Female,Delhi,2023-07-15,Yes
2358,Sai Gupta,Female,Bangalore,2023-06-05,No
2359,Krishna Singh,Male,Hyderabad,2023-09-26,Yes
2360,Ira Verma,Male,Delhi,2023-11-29,No
2361,Ananya Nair,Male,Mumbai,2023-12-25,Yes
2362,Sneha Gupta,Male,Delhi,2023-11-29,Yes
2363,Vivaan Iyer,Female,Pune,2023-10-08,No
2364,Aadhya Gupta,Male,Hyderabad,2023-05-27,No
2365,Saanvi Mehta,Male,Delhi,2023-01-09,No
2366,Aarav Verma,Male,Pune,2023-10-19,Yes
2367,Vivaan Gupta,Male,Bangalore,2023-03-27,No
2368,Sneha Gupta,Female,Mumbai,2023-01-11,Yes
2369,Aarav Patel,Male,Bangalore,2023-12-29,No
2370,Aadhya Gupta,Male,Mumbai,2023-04-15,Yes
2371,Shaurya Nair,Male,Hyderabad,2023-12-29,No
2372,Aditya Reddy,Female,Bangalore,2023-04-12,Yes
2373,Ananya Verma,Male,Delhi,2023-08-25,No
2374,Vivaan Verma,Male,Delhi,2023-04-29,No
2375,Ananya Singh,Male,Delhi,2023-12-25,No
2376,Sneha Nair,Female,Mumbai,2023-03-03,Yes
2377,Krishna Singh,Female,Mumbai,2023-12-12,No
2378,Aadhya Reddy,Female,Mumbai,2023-08-30,No
2379,Kavya Verma,Male,Hyderabad,2023-12-25,Yes
2380,Vihaan Patel,Female,Pune,2023-05-29,Yes
2381,Riya Patel,Female,Mumbai,2023-12-25,No
2382,Sai Patel,Male,Delhi,2023-04-22,Yes
2383,Myra Nair,Female,Pune,2023-04-05,Yes
2384,Vivaan Sharma,Female,Bangalore,2023-09-19,No
2385,Reyansh Singh,Female,Pune,2023-08-09,No
2386,Aadhya Sharma,Female,Pune,2023-08-28,Yes
2387,Shaurya Reddy,Male,Mumbai,2023-04-01,No
2388,Ishaan Iyer,Male,Mumbai,2023-01-18,Yes
2389,Reyansh Mehta,Female,Delhi,2023-12-25,No
2390,Ishaan Patel,Female,Bangalore,2023-07-16,No
2391,Ishaan Mehta,Female,Pune,2023-04-07,Yes
2392,Kavya Mehta,Female,Pune,2023-04-30,No
2393,Arjun Reddy,Female,Pune,2023-01-29,No
2394,Reyansh Singh,Male,Pune,2023-07-27,No
2395,Anika Patel,Female,Delhi,2023-11-15,No
2396,Anika Sharma,Male,Mumbai,2023-03-24,No
2397,Aditya Singh,Female,Hyderabad,2023-04-22,Yes
2398,Krishna Mehta,Male,Bangalore,2023-06-24,Yes
2399,Sai Verma,Female,Hyderabad,2023-12-25,No
2400,Krishna Mehta,Male,Bangalore,2023-12-11,No
2401,Aadhya Iyer,Female,Bangalore,2023-02-22,Yes
2402,Reyansh Sharma,Female,Hyderabad,2023-11-24,Yes
2403,Vivaan Reddy,Male,Hyderabad,2023-03-26,No
2404,Riya Gupta,Male,Pune,2023-08-26,No
2405,Reyansh Verma,Male,Pune,2023-03-05,Yes
2406,Sai Iyer,Male,Hyderabad,2023-11-10,Yes
2407,Aditya Sharma,Female,Bangalore,2023-01-22,No
2408,Aadhya Patel,Female,Hyderabad,2023-04-12,No
2409,Saanvi Verma,Male,Delhi,2023-03-03,Yes
2410,Krishna Nair,Female,Pune,2023-05-11,Yes
2411,Aditya Gupta,Male,Mumbai,2023-05-03,Yes
2412,Sai Iyer,Female,Pune,2023-06-05,Yes
2413,Aarav Reddy,Female,Hyderabad,2023-03-15,Yes
2414,Sai Sharma,Female,Bangalore,2023-09-24,Yes
2415,Vihaan Sharma,Male,Mumbai,2023-01-29,No
2416,Vivaan Mehta,Female,Delhi,2023-12-25,No
2417,Diya Singh,Male,Delhi,2023-12-25,Yes
2418,Sneha Mehta,Female,Delhi,2023-01-21,Yes
2419,Riya Singh,Female,Pune,2023-07-28,No
2420,Krishna Khan,Female,Bangalore,2023-12-02,Yes
2421,Aarav Mehta,Male,Pune,2023-10-26,Yes
2422,Sai Mehta,Male,Mumbai,2023-09-22,No
2423,Vihaan Gupta,Female,Delhi,2023-02-14,Yes
2424,Diya Nair,Female,Pune,2023-10-12,No
2425,Aarav Nair,Female,Mumbai,2023-11-02,Yes
2426,Anika Verma,Female,Pune,2023-09-25,No
2427,Shaurya Khan,Female,Pune,2023-12-25,Yes
2428,Aditya Nair,Female,Delhi,2023-03-19,No
2429,Shaurya Gupta,Female,Delhi,2023-12-25,Yes
2430,Aarav Nair,Female,Hyderabad,2023-03-06,Yes
2431,Vivaan Patel,Male,Hyderabad,2023-01-18,Yes
2432,Riya Patel,Male,Bangalore,2023-12-25,No
2433,Reyansh Singh,Male,Bangalore,2023-02-05,Yes
2434,Aditya Iyer,Female,Hyderabad,2023-10-22,No
2435,Sai Verma,Female,Pune,2023-07-11,Yes
2436,Anika Verma,Male,Pune,2023-02-08,No
2437,Sai Reddy,Male,Delhi,2023-01-08,No
2438,Saanvi Gupta,Female,Hyderabad,2023-09-09,Yes
2439,Reyansh Mehta,Male,Hyderabad,2023-03-03,No
2440,Ananya Nair,Female,Hyderabad,2023-05-19,Yes
2441,Arjun Khan,Male,Delhi,2023-12-25,Yes
2442,Krishna Reddy,Male,Mumbai,2023-12-25,No
2443,Aditya Gupta,Male,Mumbai,2023-05-26,Yes
2444,Kavya Iyer,Male,Hyderabad,2023-04-12,Yes
2445,Ira Iyer,Female,Delhi,2023-03-22,Yes
2446,Aditya Nair,Female,Bangalore,2023-02-25,Yes
2447,Kavya Verma,Male,Hyderabad,2023-07-27,Yes
2448,Ishaan Patel,Female,Bangalore,2023-04-16,Yes
2449,Ishaan Sharma,Female,Pune,2023-10-09,Yes
2450,Shaurya Reddy,Male,Hyderabad,2023-10-24,Yes
2451,Sai Reddy,Female,Bangalore,2023-12-25,Yes
2452,Aadhya Verma,Female,Bangalore,2023-02-16,Yes
2453,Ira Reddy,Female,Pune,2023-08-03,Yes
2454,Sai Verma,Male,Hyderabad,2023-08-24,Yes
2455,Ananya Mehta,Female,Pune,2023-12-25,No
2456,Diya Khan,Female,Delhi,2023-07-13,Yes
2457,Kavya Nair,Female,Pune,2023-07-13,No
2458,Ishaan Sharma,Male,Mumbai,2023-07-31,Yes
2459,Aarav Gupta,Male,Delhi,2023-06-30,No
2460,Aadhya Nair,Male,Hyderabad,2023-10-02,No
2461,Aarav Khan,Female,Delhi,2023-04-16,Yes
2462,Arjun Reddy,Male,Delhi,2023-07-31,No
2463,Ira Mehta,Female,Bangalore,2023-07-22,Yes
2464,Saanvi Nair,Male,Hyderabad,2023-06-19,Yes
2465,Reyansh Patel,Female,Pune,2023-03-02,No
2466,Vihaan Iyer,Female,Bangalore,2023-01-07,No
2467,Aarav Gupta,Male,Bangalore,2023-01-02,Yes
2468,Sneha Patel,Male,Hyderabad,2023-04-03,No
2469,Sneha Nair,Female,Delhi,2023-01-05,No
2470,Ira Iyer,Female,Hyderabad,2023-12-28,No
2471,Arjun Mehta,Female,Bangalore,2023-02-28,No
2472,Vivaan Iyer,Male,Mumbai,2023-01-27,Yes
2473,Ira Mehta,Male,Pune,2023-08-24,No
2474,Ishaan Khan,Female,Hyderabad,2023-10-12,Yes
2475,Aditya Nair,Female,Hyderabad,2023-02-07,No
2476,Reyansh Reddy,Male,Mumbai,2023-06-25,Yes
2477,Aadhya Singh,Female,Hyderabad,2023-11-12,No
2478,Ananya Khan,Female,Delhi,2023-07-03,Yes
2479,Diya Nair,Male,Hyderabad,2023-03-24,No
2480,Krishna Reddy,Female,Hyderabad,2023-10-26,Yes
2481,Krishna Sharma,Female,Mumbai,2023-06-09,Yes
2482,Krishna Singh,Male,Pune,2023-08-24,Yes
2483,Aarav Khan,Female,Bangalore,2023-11-29,Yes
2484,Aditya Mehta,Female,Mumbai,2023-10-14,No
2485,Aarav Khan,Female,Hyderabad,2023-10-05,No
2486,Arjun Reddy,Male,Delhi,2023-12-12,Yes
2487,Vihaan Mehta,Female,Mumbai,2023-09-16,No
2488,Sneha Iyer,Female,Bangalore,2023-05-06,Yes
2489,Kavya Singh,Male,Delhi,2023-11-03,No
2490,Diya Singh,Male,Hyderabad,2023-03-08,No
2491,Aadhya Khan,Female,Pune,2023-07-16,Yes
2492,Myra Iyer,Male,Mumbai,2023-09-20,No
2493,Kavya Mehta,Female,Pune,2023-03-28,No
2494,Sneha Nair,Male,Delhi,2023-11-12,No
2495,Sai Patel,Male,Delhi,2023-07-19,No
2496,Aarav Reddy,Male,Delhi,2023-07-17,Yes
2497,Arjun Nair,Female,Delhi,2023-12-25,Yes
2498,Sai Gupta,Male,Bangalore,2023-03-15,Yes
2499,Ishaan Mehta,Female,Delhi,2023-02-06,Yes
2500,Ira Nair,Female,Hyderabad,2023-06-18,No
