delivery_id,order_id,delivery_partner_id,delivery_distance_km,delivery_time_minutes,delay_flag,delay_time_bucket,delivery_status
6001,2001,732,19,56,Late,40+,Delivered
6002,2002,713,16,45,Late,40+,Delivered
6003,2003,794,7,41,Late,40+,Delivered
6004,2004,727,10,45,Late,40+,Delivered
6005,2005,745,20,70,Late,40+,Delivered
6006,2006,744,4,31,On Time,31-40,Delivered
6007,2007,732,14,45,Late,40+,Delivered
6008,2008,786,19,65,Late,40+,Delivered
6009,2009,756,20,40,On Time,31-40,Delivered
6010,2010,788,14,54,Late,40+,Delivered
6011,2011,751,4,55,Late,40+,Delivered
6012,2012,701,7,45,Late,40+,Delivered
6013,2013,725,13,28,On Time,21-30,Delivered
6014,2014,719,6,63,Late,40+,Delivered
6015,2015,775,12,52,Late,40+,Delivered
6016,2016,712,7,55,Late,40+,Delivered
6017,2017,755,4,29,On Time,21-30,Delivered
6018,2018,731,12,29,On Time,21-30,Delivered
6019,2019,730,20,20,On Time,0-20,Delivered
6020,2020,788,4,40,On Time,31-40,Delivered
6021,2021,749,17,58,Late,40+,Delivered
6022,2022,720,15,48,Late,40+,Delivered
6023,2023,759,14,59,Late,40+,Delivered
6024,2024,717,7,25,On Time,21-30,Delivered
6025,2025,793,5,53,Late,40+,Delivered
6026,2026,770,9,38,On Time,31-40,Delivered
6027,2027,732,18,35,On Time,31-40,Delivered
6028,2028,780,17,35,On Time,31-40,Delivered
6029,2029,772,5,31,On Time,31-40,Delivered
6030,2030,723,13,54,Late,40+,Delivered
6031,2031,799,19,31,On Time,31-40,Delivered
6032,2032,780,19,34,On Time,31-40,Delivered
6033,2033,762,5,22,On Time,21-30,Delivered
6034,2034,760,15,45,Late,40+,Delivered
6035,2035,773,12,41,Late,40+,Delivered
6036,2036,799,18,27,On Time,21-30,Delivered
6037,2037,775,19,45,Late,40+,Delivered
6038,2038,730,13,42,Late,40+,Delivered
6039,2039,705,7,45,Late,40+,Delivered
6040,2040,730,18,66,Late,40+,Delivered
6041,2041,727,20,57,Late,40+,Delivered
6042,2042,747,11,30,On Time,21-30,Delivered
6043,2043,784,6,31,On Time,31-40,Delivered
6044,2044,799,1,30,On Time,21-30,Delivered
6045,2045,724,19,62,Late,40+,Delivered
6046,2046,740,4,47,Late,40+,Delivered
6047,2047,768,6,31,On Time,31-40,Delivered
6048,2048,745,18,51,Late,40+,Delivered
6049,2049,743,14,65,Late,40+,Delivered
6050,2050,794,6,49,Late,40+,Delivered
6051,2051,708,19,31,On Time,31-40,Delivered
6052,2052,701,2,23,On Time,21-30,Delivered
6053,2053,748,15,45,Late,40+,Delivered
6054,2054,794,11,64,Late,40+,Delivered
6055,2055,763,10,27,On Time,21-30,Delivered
6056,2056,737,19,35,On Time,31-40,Delivered
6057,2057,760,2,58,Late,40+,Delivered
6058,2058,718,18,45,Late,40+,Delivered
6059,2059,754,6,48,Late,40+,Delivered
6060,2060,792,7,68,Late,40+,Delivered
6061,2061,710,3,54,Late,40+,Delivered
6062,2062,783,17,47,Late,40+,Delivered
6063,2063,750,10,30,On Time,21-30,Delivered
6064,2064,728,16,39,On Time,31-40,Delivered
6065,2065,797,16,65,Late,40+,Delivered
6066,2066,717,19,33,On Time,31-40,Delivered
6067,2067,703,15,63,Late,40+,Delivered
6068,2068,716,4,25,On Time,21-30,Delivered
6069,2069,787,6,47,Late,40+,Delivered
6070,2070,751,19,46,Late,40+,Delivered
6071,2071,701,13,70,Late,40+,Delivered
6072,2072,702,2,57,Late,40+,Delivered
6073,2073,741,15,45,Late,40+,Delivered
6074,2074,748,9,59,Late,40+,Delivered
6075,2075,790,19,35,On Time,31-40,Delivered
6076,2076,743,6,45,Late,40+,Delivered
6077,2077,718,15,26,On Time,21-30,Delivered
6078,2078,704,6,37,On Time,31-40,Delivered
6079,2079,785,14,48,Late,40+,Delivered
6080,2080,737,2,53,Late,40+,Delivered
6081,2081,783,2,60,Late,40+,Delivered
6082,2082,800,13,60,Late,40+,Delivered
6083,2083,765,4,33,On Time,31-40,Delivered
6084,2084,793,2,38,On Time,31-40,Delivered
6085,2085,711,4,20,On Time,0-20,Delivered
6086,2086,702,19,32,On Time,31-40,Delivered
6087,2087,714,6,29,On Time,21-30,Delivered
6088,2088,786,18,50,Late,40+,Delivered
6089,2089,705,2,32,On Time,31-40,Delivered
6090,2090,778,14,45,Late,40+,Delivered
6091,2091,729,16,21,On Time,21-30,Delivered
6092,2092,766,13,45,Late,40+,Delivered
6093,2093,705,19,46,Late,40+,Delivered
6094,2094,788,9,40,On Time,31-40,Delivered
6095,2095,781,1,66,Late,40+,Delivered
6096,2096,711,6,45,Late,40+,Delivered
6097,2097,723,19,64,Late,40+,Delivered
6098,2098,721,6,38,On Time,31-40,Delivered
6099,2099,758,3,45,Late,40+,Delivered
6100,2100,751,8,49,Late,40+,Delivered
6101,2101,737,13,58,Late,40+,Delivered
6102,2102,781,3,56,Late,40+,Delivered
6103,2103,751,12,48,Late,40+,Delivered
6104,2104,769,9,62,Late,40+,Delivered
6105,2105,747,19,31,On Time,31-40,Delivered
6106,2106,798,3,33,On Time,31-40,Delivered
6107,2107,702,2,28,On Time,21-30,Delivered
6108,2108,780,1,37,On Time,31-40,Delivered
6109,2109,777,12,50,Late,40+,Delivered
6110,2110,757,12,49,Late,40+,Delivered
6111,2111,771,3,30,On Time,21-30,Delivered
6112,2112,775,1,27,On Time,21-30,Delivered
6113,2113,800,18,63,Late,40+,Delivered
6114,2114,769,3,66,Late,40+,Delivered
6115,2115,752,20,45,Late,40+,Delivered
6116,2116,719,5,21,On Time,21-30,Delivered
6117,2117,788,4,45,Late,40+,Delivered
6118,2118,777,14,33,On Time,31-40,Delivered
6119,2119,789,1,34,On Time,31-40,Delivered
6120,2120,720,1,42,Late,40+,Delivered
6121,2121,772,7,20,On Time,0-20,Delivered
6122,2122,737,12,33,On Time,31-40,Delivered
6123,2123,733,2,42,Late,40+,Delivered
6124,2124,768,6,66,Late,40+,Delivered
6125,2125,785,15,41,Late,40+,Delivered
6126,2126,717,9,45,Late,40+,Delivered
6127,2127,755,11,45,Late,40+,Delivered
6128,2128,762,18,45,Late,40+,Delivered
6129,2129,778,20,44,Late,40+,Delivered
6130,2130,772,1,52,Late,40+,Delivered
6131,2131,767,14,24,On Time,21-30,Delivered
6132,2132,799,2,30,On Time,21-30,Delivered
6133,2133,761,13,34,On Time,31-40,Delivered
6134,2134,707,9,67,Late,40+,Delivered
6135,2135,765,3,26,On Time,21-30,Delivered
6136,2136,784,4,44,Late,40+,Delivered
6137,2137,712,18,62,Late,40+,Delivered
6138,2138,742,7,62,Late,40+,Delivered
6139,2139,716,16,58,Late,40+,Delivered
6140,2140,734,12,40,On Time,31-40,Delivered
6141,2141,730,13,45,Late,40+,Delivered
6142,2142,716,2,44,Late,40+,Delivered
6143,2143,741,16,42,Late,40+,Delivered
6144,2144,732,8,45,Late,40+,Delivered
6145,2145,705,18,27,On Time,21-30,Delivered
6146,2146,742,12,45,Late,40+,Delivered
6147,2147,704,6,39,On Time,31-40,Delivered
6148,2148,716,15,30,On Time,21-30,Delivered
6149,2149,767,7,58,Late,40+,Delivered
6150,2150,796,6,24,On Time,21-30,Delivered
6151,2151,787,2,49,Late,40+,Delivered
6152,2152,722,2,70,Late,40+,Delivered
6153,2153,777,5,48,Late,40+,Delivered
6154,2154,767,20,42,Late,40+,Delivered
6155,2155,743,12,53,Late,40+,Delivered
6156,2156,777,4,58,Late,40+,Delivered
6157,2157,756,15,65,Late,40+,Delivered
6158,2158,723,10,41,Late,40+,Delivered
6159,2159,766,20,43,Late,40+,Delivered
6160,2160,750,19,60,Late,40+,Delivered
6161,2161,741,7,70,Late,40+,Delivered
6162,2162,709,14,45,Late,40+,Delivered
6163,2163,728,9,49,Late,40+,Delivered
6164,2164,726,9,47,Late,40+,Delivered
6165,2165,743,20,62,Late,40+,Delivered
6166,2166,744,7,44,Late,40+,Delivered
6167,2167,748,15,51,Late,40+,Delivered
6168,2168,733,2,42,Late,40+,Delivered
6169,2169,769,8,45,Late,40+,Delivered
6170,2170,780,10,45,Late,40+,Delivered
6171,2171,724,20,45,Late,40+,Delivered
6172,2172,739,16,55,Late,40+,Delivered
6173,2173,728,6,57,Late,40+,Delivered
6174,2174,754,17,40,On Time,31-40,Delivered
6175,2175,722,13,23,On Time,21-30,Delivered
6176,2176,796,2,44,Late,40+,Delivered
6177,2177,751,13,45,Late,40+,Delivered
6178,2178,751,2,37,On Time,31-40,Delivered
6179,2179,773,20,60,Late,40+,Delivered
6180,2180,724,16,69,Late,40+,Delivered
6181,2181,738,17,23,On Time,21-30,Delivered
6182,2182,727,16,21,On Time,21-30,Delivered
6183,2183,760,5,45,Late,40+,Delivered
6184,2184,739,4,64,Late,40+,Delivered
6185,2185,747,20,59,Late,40+,Delivered
6186,2186,736,13,31,On Time,31-40,Delivered
6187,2187,733,4,63,Late,40+,Delivered
6188,2188,776,1,50,Late,40+,Delivered
6189,2189,775,10,61,Late,40+,Delivered
6190,2190,731,20,24,On Time,21-30,Delivered
6191,2191,732,7,45,Late,40+,Delivered
6192,2192,781,5,45,Late,40+,Delivered
6193,2193,712,20,53,Late,40+,Delivered
6194,2194,728,17,26,On Time,21-30,Delivered
6195,2195,747,18,54,Late,40+,Delivered
6196,2196,766,19,45,Late,40+,Delivered
6197,2197,758,10,20,On Time,0-20,Delivered
6198,2198,711,4,45,Late,40+,Delivered
6199,2199,787,19,30,On Time,21-30,Delivered
6200,2200,770,4,25,On Time,21-30,Delivered
6201,2201,734,7,47,Late,40+,Delivered
6202,2202,765,18,58,Late,40+,Delivered
6203,2203,767,3,45,Late,40+,Delivered
6204,2204,725,14,51,Late,40+,Delivered
6205,2205,771,7,67,Late,40+,Delivered
6206,2206,727,4,24,On Time,21-30,Delivered
6207,2207,730,16,48,Late,40+,Delivered
6208,2208,760,5,48,Late,40+,Delivered
6209,2209,729,12,55,Late,40+,Delivered
6210,2210,771,13,51,Late,40+,Delivered
6211,2211,704,15,66,Late,40+,Delivered
6212,2212,764,12,69,Late,40+,Delivered
6213,2213,753,13,70,Late,40+,Delivered
6214,2214,741,4,22,On Time,21-30,Delivered
6215,2215,709,9,50,Late,40+,Delivered
6216,2216,710,4,60,Late,40+,Delivered
6217,2217,790,5,52,Late,40+,Delivered
6218,2218,725,2,36,On Time,31-40,Delivered
6219,2219,705,17,58,Late,40+,Delivered
6220,2220,727,10,57,Late,40+,Delivered
6221,2221,800,15,51,Late,40+,Delivered
6222,2222,754,15,50,Late,40+,Delivered
6223,2223,733,18,48,Late,40+,Delivered
6224,2224,706,14,31,On Time,31-40,Delivered
6225,2225,742,2,23,On Time,21-30,Delivered
6226,2226,777,17,29,On Time,21-30,Delivered
6227,2227,703,13,29,On Time,21-30,Delivered
6228,2228,735,10,66,Late,40+,Delivered
6229,2229,775,15,49,Late,40+,Delivered
6230,2230,719,1,65,Late,40+,Delivered
6231,2231,711,18,46,Late,40+,Delivered
6232,2232,726,18,29,On Time,21-30,Delivered
6233,2233,778,8,55,Late,40+,Delivered
6234,2234,717,16,45,Late,40+,Delivered
6235,2235,714,10,23,On Time,21-30,Delivered
6236,2236,738,8,39,On Time,31-40,Delivered
6237,2237,709,13,29,On Time,21-30,Delivered
6238,2238,724,16,61,Late,40+,Delivered
6239,2239,747,16,36,On Time,31-40,Delivered
6240,2240,704,12,66,Late,40+,Delivered
6241,2241,724,9,55,Late,40+,Delivered
6242,2242,790,8,45,Late,40+,Delivered
6243,2243,746,11,52,Late,40+,Delivered
6244,2244,772,19,55,Late,40+,Delivered
6245,2245,702,2,64,Late,40+,Delivered
6246,2246,733,9,45,Late,40+,Delivered
6247,2247,792,13,50,Late,40+,Delivered
6248,2248,765,16,68,Late,40+,Delivered
6249,2249,702,13,50,Late,40+,Delivered
6250,2250,765,17,70,Late,40+,Delivered
6251,2251,770,19,45,Late,40+,Delivered
6252,2252,701,19,33,On Time,31-40,Delivered
6253,2253,756,6,26,On Time,21-30,Delivered
6254,2254,729,17,59,Late,40+,Delivered
6255,2255,703,14,67,Late,40+,Delivered
6256,2256,710,12,58,Late,40+,Delivered
6257,2257,763,4,53,Late,40+,Delivered
6258,2258,798,2,53,Late,40+,Delivered
6259,2259,738,9,45,Late,40+,Delivered
6260,2260,768,5,65,Late,40+,Delivered
6261,2261,786,17,45,Late,40+,Delivered
6262,2262,702,20,21,On Time,21-30,Delivered
6263,2263,717,6,23,On Time,21-30,Delivered
6264,2264,739,3,28,On Time,21-30,Delivered
6265,2265,732,1,20,On Time,0-20,Delivered
6266,2266,728,4,62,Late,40+,Delivered
6267,2267,782,15,49,Late,40+,Delivered
6268,2268,721,4,38,On Time,31-40,Delivered
6269,2269,713,12,45,Late,40+,Delivered
6270,2270,785,13,34,On Time,31-40,Delivered
6271,2271,789,8,65,Late,40+,Delivered
6272,2272,776,6,66,Late,40+,Delivered
6273,2273,703,5,34,On Time,31-40,Delivered
6274,2274,717,4,54,Late,40+,Delivered
6275,2275,790,14,32,On Time,31-40,Delivered
6276,2276,773,17,58,Late,40+,Delivered
6277,2277,725,14,20,On Time,0-20,Delivered
6278,2278,759,6,63,Late,40+,Delivered
6279,2279,770,19,69,Late,40+,Delivered
6280,2280,712,14,62,Late,40+,Delivered
6281,2281,720,8,69,Late,40+,Delivered
6282,2282,783,12,27,On Time,21-30,Delivered
6283,2283,788,7,45,Late,40+,Delivered
6284,2284,710,5,53,Late,40+,Delivered
6285,2285,711,20,45,Late,40+,Delivered
6286,2286,738,19,63,Late,40+,Delivered
6287,2287,747,4,23,On Time,21-30,Delivered
6288,2288,785,1,20,On Time,0-20,Delivered
6289,2289,765,2,43,Late,40+,Delivered
6290,2290,756,18,42,Late,40+,Delivered
6291,2291,798,7,59,Late,40+,Delivered
6292,2292,716,7,45,Late,40+,Delivered
6293,2293,773,3,28,On Time,21-30,Delivered
6294,2294,708,10,29,On Time,21-30,Delivered
6295,2295,753,17,50,Late,40+,Delivered
6296,2296,731,6,57,Late,40+,Delivered
6297,2297,702,18,44,Late,40+,Delivered
6298,2298,765,18,45,Late,40+,Delivered
6299,2299,784,1,45,Late,40+,Delivered
6300,2300,731,17,24,On Time,21-30,Delivered
6301,2301,709,4,26,On Time,21-30,Delivered
6302,2302,719,9,34,On Time,31-40,Delivered
6303,2303,775,20,49,Late,40+,Delivered
6304,2304,734,17,43,Late,40+,Delivered
6305,2305,751,12,32,On Time,31-40,Delivered
6306,2306,772,13,66,Late,40+,Delivered
6307,2307,747,16,67,Late,40+,Delivered
6308,2308,715,20,61,Late,40+,Delivered
6309,2309,747,17,67,Late,40+,Delivered
6310,2310,750,16,45,Late,40+,Delivered
6311,2311,788,2,56,Late,40+,Delivered
6312,2312,703,17,24,On Time,21-30,Delivered
6313,2313,702,6,47,Late,40+,Delivered
6314,2314,726,20,45,Late,40+,Delivered
6315,2315,787,17,46,Late,40+,Delivered
6316,2316,702,15,37,On Time,31-40,Delivered
6317,2317,773,10,67,Late,40+,Delivered
6318,2318,775,6,54,Late,40+,Delivered
6319,2319,747,18,54,Late,40+,Delivered
6320,2320,771,8,70,Late,40+,Delivered
6321,2321,749,17,45,Late,40+,Delivered
6322,2322,735,12,45,Late,40+,Delivered
6323,2323,704,19,20,On Time,0-20,Delivered
6324,2324,737,11,64,Late,40+,Delivered
6325,2325,744,13,35,On Time,31-40,Delivered
6326,2326,763,12,30,On Time,21-30,Delivered
6327,2327,793,8,62,Late,40+,Delivered
6328,2328,772,1,64,Late,40+,Delivered
6329,2329,727,13,45,Late,40+,Delivered
6330,2330,759,18,65,Late,40+,Delivered
6331,2331,726,2,63,Late,40+,Delivered
6332,2332,708,19,64,Late,40+,Delivered
6333,2333,745,5,24,On Time,21-30,Delivered
6334,2334,796,17,60,Late,40+,Delivered
6335,2335,788,14,30,On Time,21-30,Delivered
6336,2336,702,16,36,On Time,31-40,Delivered
6337,2337,782,20,43,Late,40+,Delivered
6338,2338,791,11,67,Late,40+,Delivered
6339,2339,761,8,45,Late,40+,Delivered
6340,2340,755,20,66,Late,40+,Delivered
6341,2341,706,18,39,On Time,31-40,Delivered
6342,2342,759,18,22,On Time,21-30,Delivered
6343,2343,767,14,46,Late,40+,Delivered
6344,2344,768,10,48,Late,40+,Delivered
6345,2345,720,15,69,Late,40+,Delivered
6346,2346,776,19,54,Late,40+,Delivered
6347,2347,785,7,20,On Time,0-20,Delivered
6348,2348,755,9,55,Late,40+,Delivered
6349,2349,773,15,51,Late,40+,Delivered
6350,2350,751,13,43,Late,40+,Delivered
6351,2351,732,15,62,Late,40+,Delivered
6352,2352,791,13,44,Late,40+,Delivered
6353,2353,703,14,30,On Time,21-30,Delivered
6354,2354,761,10,50,Late,40+,Delivered
6355,2355,783,7,20,On Time,0-20,Delivered
6356,2356,726,2,42,Late,40+,Delivered
6357,2357,766,13,51,Late,40+,Delivered
6358,2358,704,19,64,Late,40+,Delivered
6359,2359,721,4,67,Late,40+,Delivered
6360,2360,788,4,65,Late,40+,Delivered
6361,2361,744,1,32,On Time,31-40,Delivered
6362,2362,727,7,62,Late,40+,Delivered
6363,2363,748,12,35,On Time,31-40,Delivered
6364,2364,792,12,39,On Time,31-40,Delivered
6365,2365,747,15,22,On Time,21-30,Delivered
6366,2366,772,16,46,Late,40+,Delivered
6367,2367,738,19,38,On Time,31-40,Delivered
6368,2368,718,19,29,On Time,21-30,Delivered
6369,2369,719,11,48,Late,40+,Delivered
6370,2370,701,8,61,Late,40+,Delivered
6371,2371,769,20,38,On Time,31-40,Delivered
6372,2372,708,4,70,Late,40+,Delivered
6373,2373,757,2,39,On Time,31-40,Delivered
6374,2374,708,8,21,On Time,21-30,Delivered
6375,2375,786,14,46,Late,40+,Delivered
6376,2376,750,6,51,Late,40+,Delivered
6377,2377,792,12,22,On Time,21-30,Delivered
6378,2378,713,1,58,Late,40+,Delivered
6379,2379,759,4,21,On Time,21-30,Delivered
6380,2380,789,10,68,Late,40+,Delivered
6381,2381,752,2,70,Late,40+,Delivered
6382,2382,747,16,36,On Time,31-40,Delivered
6383,2383,780,16,67,Late,40+,Delivered
6384,2384,796,18,63,Late,40+,Delivered
6385,2385,715,1,50,Late,40+,Delivered
6386,2386,775,19,37,On Time,31-40,Delivered
6387,2387,718,11,38,On Time,31-40,Delivered
6388,2388,711,19,49,Late,40+,Delivered
6389,2389,743,6,50,Late,40+,Delivered
6390,2390,705,18,32,On Time,31-40,Delivered
6391,2391,720,8,45,Late,40+,Delivered
6392,2392,701,20,52,Late,40+,Delivered
6393,2393,765,9,21,On Time,21-30,Delivered
6394,2394,721,14,22,On Time,21-30,Delivered
6395,2395,793,7,43,Late,40+,Delivered
6396,2396,774,5,45,Late,40+,Delivered
6397,2397,770,7,46,Late,40+,Delivered
6398,2398,764,5,56,Late,40+,Delivered
6399,2399,744,5,30,On Time,21-30,Delivered
6400,2400,750,16,35,On Time,31-40,Delivered
6401,2401,751,2,25,On Time,21-30,Delivered
6402,2402,753,6,31,On Time,31-40,Delivered
6403,2403,741,6,32,On Time,31-40,Delivered
6404,2404,759,8,39,On Time,31-40,Delivered
6405,2405,793,12,50,Late,40+,Delivered
6406,2406,800,13,28,On Time,21-30,Delivered
6407,2407,728,20,26,On Time,21-30,Delivered
6408,2408,735,3,54,Late,40+,Delivered
6409,2409,748,10,42,Late,40+,Delivered
6410,2410,750,10,56,Late,40+,Delivered
6411,2411,728,12,51,Late,40+,Delivered
6412,2412,731,16,29,On Time,21-30,Delivered
6413,2413,731,4,69,Late,40+,Delivered
6414,2414,781,16,45,Late,40+,Delivered
6415,2415,761,17,45,Late,40+,Delivered
6416,2416,715,17,45,Late,40+,Delivered
6417,2417,728,20,26,On Time,21-30,Delivered
6418,2418,724,18,23,On Time,21-30,Delivered
6419,2419,766,9,67,Late,40+,Delivered
6420,2420,730,8,42,Late,40+,Delivered
6421,2421,763,3,45,Late,40+,Delivered
6422,2422,703,2,34,On Time,31-40,Delivered
6423,2423,710,7,45,Late,40+,Delivered
6424,2424,710,15,65,Late,40+,Delivered
6425,2425,766,2,70,Late,40+,Delivered
6426,2426,702,7,22,On Time,21-30,Delivered
6427,2427,753,4,21,On Time,21-30,Delivered
6428,2428,746,6,43,Late,40+,Delivered
6429,2429,789,19,23,On Time,21-30,Delivered
6430,2430,756,7,39,On Time,31-40,Delivered
6431,2431,759,5,25,On Time,21-30,Delivered
6432,2432,731,15,20,On Time,0-20,Delivered
6433,2433,707,6,39,On Time,31-40,Delivered
6434,2434,740,15,59,Late,40+,Delivered
6435,2435,776,14,58,Late,40+,Delivered
6436,2436,717,20,43,Late,40+,Delivered
6437,2437,769,19,20,On Time,0-20,Delivered
6438,2438,775,10,36,On Time,31-40,Delivered
6439,2439,750,19,48,Late,40+,Delivered
6440,2440,724,19,37,On Time,31-40,Delivered
6441,2441,778,13,24,On Time,21-30,Delivered
6442,2442,784,10,34,On Time,31-40,Delivered
6443,2443,754,3,56,Late,40+,Delivered
6444,2444,783,8,45,Late,40+,Delivered
6445,2445,726,8,63,Late,40+,Delivered
6446,2446,792,3,48,Late,40+,Delivered
6447,2447,754,11,38,On Time,31-40,Delivered
6448,2448,725,4,45,Late,40+,Delivered
6449,2449,744,4,26,On Time,21-30,Delivered
6450,2450,752,16,55,Late,40+,Delivered
6451,2451,735,18,53,Late,40+,Delivered
6452,2452,752,17,29,On Time,21-30,Delivered
6453,2453,727,8,36,On Time,31-40,Delivered
6454,2454,799,2,21,On Time,21-30,Delivered
6455,2455,735,16,45,Late,40+,Delivered
6456,2456,705,17,45,Late,40+,Delivered
6457,2457,759,1,61,Late,40+,Delivered
6458,2458,709,11,43,Late,40+,Delivered
6459,2459,778,10,36,On Time,31-40,Delivered
6460,2460,726,4,49,Late,40+,Delivered
6461,2461,722,7,60,Late,40+,Delivered
6462,2462,792,20,65,Late,40+,Delivered
6463,2463,737,19,28,On Time,21-30,Delivered
6464,2464,751,7,45,Late,40+,Delivered
6465,2465,729,20,53,Late,40+,Delivered
6466,2466,705,5,23,On Time,21-30,Delivered
6467,2467,733,13,67,Late,40+,Delivered
6468,2468,766,4,46,Late,40+,Delivered
6469,2469,771,13,30,On Time,21-30,Delivered
6470,2470,787,14,49,Late,40+,Delivered
6471,2471,753,9,34,On Time,31-40,Delivered
6472,2472,777,12,45,Late,40+,Delivered
6473,2473,759,7,47,Late,40+,Delivered
6474,2474,727,7,59,Late,40+,Delivered
6475,2475,721,20,56,Late,40+,Delivered
6476,2476,787,13,21,On Time,21-30,Delivered
6477,2477,734,2,59,Late,40+,Delivered
6478,2478,797,2,26,On Time,21-30,Delivered
6479,2479,775,14,26,On Time,21-30,Delivered
6480,2480,743,19,32,On Time,31-40,Delivered
6481,2481,767,11,41,Late,40+,Delivered
6482,2482,709,12,33,On Time,31-40,Delivered
6483,2483,777,14,60,Late,40+,Delivered
6484,2484,707,1,42,Late,40+,Delivered
6485,2485,795,10,51,Late,40+,Delivered
6486,2486,739,17,27,On Time,21-30,Delivered
6487,2487,705,13,58,Late,40+,Delivered
6488,2488,733,10,52,Late,40+,Delivered
6489,2489,704,8,29,On Time,21-30,Delivered
6490,2490,731,20,45,Late,40+,Delivered
6491,2491,796,19,56,Late,40+,Delivered
6492,2492,705,19,44,Late,40+,Delivered
6493,2493,739,18,46,Late,40+,Delivered
6494,2494,771,11,44,Late,40+,Delivered
6495,2495,715,17,24,On Time,21-30,Delivered
6496,2496,710,8,48,Late,40+,Delivered
6497,2497,759,17,46,Late,40+,Delivered
6498,2498,716,18,40,On Time,31-40,Delivered
6499,2499,729,20,24,On Time,21-30,Delivered
6500,2500,787,6,34,On Time,31-40,Delivered
6501,2501,746,2,24,On Time,21-30,Delivered
6502,2502,758,2,37,On Time,31-40,Delivered
6503,2503,701,17,53,Late,40+,Delivered
6504,2504,701,18,29,On Time,21-30,Delivered
6505,2505,727,9,54,Late,40+,Delivered
6506,2506,704,18,32,On Time,31-40,Delivered
6507,2507,761,1,21,On Time,21-30,Delivered
6508,2508,800,2,45,Late,40+,Delivered
6509,2509,714,19,27,On Time,21-30,Delivered
6510,2510,718,16,54,Late,40+,Delivered
6511,2511,749,10,48,Late,40+,Delivered
6512,2512,706,6,45,Late,40+,Delivered
6513,2513,719,15,63,Late,40+,Delivered
6514,2514,761,9,45,Late,40+,Delivered
6515,2515,780,19,45,Late,40+,Delivered
6516,2516,787,3,50,Late,40+,Delivered
6517,2517,742,20,39,On Time,31-40,Delivered
6518,2518,702,1,45,Late,40+,Delivered
6519,2519,758,13,57,Late,40+,Delivered
6520,2520,724,11,57,Late,40+,Delivered
6521,2521,789,7,67,Late,40+,Delivered
6522,2522,725,16,34,On Time,31-40,Delivered
6523,2523,750,13,28,On Time,21-30,Delivered
6524,2524,728,19,55,Late,40+,Delivered
6525,2525,779,20,27,On Time,21-30,Delivered
6526,2526,715,14,22,On Time,21-30,Delivered
6527,2527,754,20,52,Late,40+,Delivered
6528,2528,702,16,69,Late,40+,Delivered
6529,2529,788,19,39,On Time,31-40,Delivered
6530,2530,773,16,43,Late,40+,Delivered
6531,2531,780,19,43,Late,40+,Delivered
6532,2532,782,20,64,Late,40+,Delivered
6533,2533,734,5,20,On Time,0-20,Delivered
6534,2534,716,15,30,On Time,21-30,Delivered
6535,2535,751,10,45,Late,40+,Delivered
6536,2536,762,12,30,On Time,21-30,Delivered
6537,2537,710,8,23,On Time,21-30,Delivered
6538,2538,774,1,54,Late,40+,Delivered
6539,2539,754,18,66,Late,40+,Delivered
6540,2540,796,5,45,Late,40+,Delivered
6541,2541,748,8,46,Late,40+,Delivered
6542,2542,780,18,53,Late,40+,Delivered
6543,2543,774,17,67,Late,40+,Delivered
6544,2544,724,7,20,On Time,0-20,Delivered
6545,2545,758,9,40,On Time,31-40,Delivered
6546,2546,728,8,37,On Time,31-40,Delivered
6547,2547,732,9,67,Late,40+,Delivered
6548,2548,724,17,33,On Time,31-40,Delivered
6549,2549,759,1,49,Late,40+,Delivered
6550,2550,773,6,23,On Time,21-30,Delivered
6551,2551,767,17,61,Late,40+,Delivered
6552,2552,773,2,46,Late,40+,Delivered
6553,2553,780,10,45,Late,40+,Delivered
6554,2554,720,7,46,Late,40+,Delivered
6555,2555,792,19,45,Late,40+,Delivered
6556,2556,701,13,59,Late,40+,Delivered
6557,2557,748,19,45,Late,40+,Delivered
6558,2558,733,16,45,Late,40+,Delivered
6559,2559,713,20,47,Late,40+,Delivered
6560,2560,729,9,26,On Time,21-30,Delivered
6561,2561,722,13,51,Late,40+,Delivered
6562,2562,788,3,70,Late,40+,Delivered
6563,2563,717,4,45,Late,40+,Delivered
6564,2564,729,3,54,Late,40+,Delivered
6565,2565,749,18,65,Late,40+,Delivered
6566,2566,731,7,45,Late,40+,Delivered
6567,2567,784,17,40,On Time,31-40,Delivered
6568,2568,742,12,45,Late,40+,Delivered
6569,2569,747,3,50,Late,40+,Delivered
6570,2570,725,13,54,Late,40+,Delivered
6571,2571,728,12,66,Late,40+,Delivered
6572,2572,779,5,40,On Time,31-40,Delivered
6573,2573,763,9,29,On Time,21-30,Delivered
6574,2574,760,11,57,Late,40+,Delivered
6575,2575,798,6,45,Late,40+,Delivered
6576,2576,736,3,21,On Time,21-30,Delivered
6577,2577,711,16,65,Late,40+,Delivered
6578,2578,702,7,49,Late,40+,Delivered
6579,2579,758,6,44,Late,40+,Delivered
6580,2580,769,18,29,On Time,21-30,Delivered
6581,2581,722,1,50,Late,40+,Delivered
6582,2582,791,20,22,On Time,21-30,Delivered
6583,2583,782,13,45,Late,40+,Delivered
6584,2584,709,13,45,Late,40+,Delivered
6585,2585,798,11,39,On Time,31-40,Delivered
6586,2586,722,13,45,Late,40+,Delivered
6587,2587,713,6,44,Late,40+,Delivered
6588,2588,729,15,60,Late,40+,Delivered
6589,2589,747,17,68,Late,40+,Delivered
6590,2590,755,8,59,Late,40+,Delivered
6591,2591,796,13,68,Late,40+,Delivered
6592,2592,725,3,52,Late,40+,Delivered
6593,2593,703,11,27,On Time,21-30,Delivered
6594,2594,706,7,48,Late,40+,Delivered
6595,2595,775,7,28,On Time,21-30,Delivered
6596,2596,740,7,57,Late,40+,Delivered
6597,2597,748,6,20,On Time,0-20,Delivered
6598,2598,743,5,59,Late,40+,Delivered
6599,2599,701,19,44,Late,40+,Delivered
6600,2600,706,14,46,Late,40+,Delivered
6601,2601,758,1,24,On Time,21-30,Delivered
6602,2602,788,20,26,On Time,21-30,Delivered
6603,2603,778,9,21,On Time,21-30,Delivered
6604,2604,729,8,52,Late,40+,Delivered
6605,2605,766,12,36,On Time,31-40,Delivered
6606,2606,785,5,35,On Time,31-40,Delivered
6607,2607,791,7,41,Late,40+,Delivered
6608,2608,754,12,45,Late,40+,Delivered
6609,2609,746,6,27,On Time,21-30,Delivered
6610,2610,779,1,65,Late,40+,Delivered
6611,2611,704,12,56,Late,40+,Delivered
6612,2612,710,17,34,On Time,31-40,Delivered
6613,2613,704,3,56,Late,40+,Delivered
6614,2614,744,8,62,Late,40+,Delivered
6615,2615,740,1,42,Late,40+,Delivered
6616,2616,792,6,60,Late,40+,Delivered
6617,2617,783,3,68,Late,40+,Delivered
6618,2618,782,4,68,Late,40+,Delivered
6619,2619,706,15,22,On Time,21-30,Delivered
6620,2620,769,11,45,Late,40+,Delivered
6621,2621,729,13,60,Late,40+,Delivered
6622,2622,764,9,22,On Time,21-30,Delivered
6623,2623,704,8,45,Late,40+,Delivered
6624,2624,762,9,46,Late,40+,Delivered
6625,2625,733,13,65,Late,40+,Delivered
6626,2626,772,10,42,Late,40+,Delivered
6627,2627,717,11,55,Late,40+,Delivered
6628,2628,798,13,67,Late,40+,Delivered
6629,2629,718,19,45,Late,40+,Delivered
6630,2630,719,17,35,On Time,31-40,Delivered
6631,2631,732,6,28,On Time,21-30,Delivered
6632,2632,778,13,30,On Time,21-30,Delivered
6633,2633,716,12,54,Late,40+,Delivered
6634,2634,756,18,22,On Time,21-30,Delivered
6635,2635,732,1,55,Late,40+,Delivered
6636,2636,763,16,40,On Time,31-40,Delivered
6637,2637,755,14,60,Late,40+,Delivered
6638,2638,745,17,62,Late,40+,Delivered
6639,2639,767,1,24,On Time,21-30,Delivered
6640,2640,714,7,45,Late,40+,Delivered
6641,2641,773,2,34,On Time,31-40,Delivered
6642,2642,723,20,66,Late,40+,Delivered
6643,2643,750,14,30,On Time,21-30,Delivered
6644,2644,713,3,61,Late,40+,Delivered
6645,2645,772,4,41,Late,40+,Delivered
6646,2646,701,19,31,On Time,31-40,Delivered
6647,2647,702,8,26,On Time,21-30,Delivered
6648,2648,706,18,54,Late,40+,Delivered
6649,2649,729,10,44,Late,40+,Delivered
6650,2650,719,6,66,Late,40+,Delivered
6651,2651,714,4,66,Late,40+,Delivered
6652,2652,772,16,45,Late,40+,Delivered
6653,2653,720,10,45,Late,40+,Delivered
6654,2654,764,3,66,Late,40+,Delivered
6655,2655,704,10,38,On Time,31-40,Delivered
6656,2656,733,6,58,Late,40+,Delivered
6657,2657,701,19,22,On Time,21-30,Delivered
6658,2658,800,17,21,On Time,21-30,Delivered
6659,2659,745,14,65,Late,40+,Delivered
6660,2660,753,5,50,Late,40+,Delivered
6661,2661,710,7,45,Late,40+,Delivered
6662,2662,753,5,69,Late,40+,Delivered
6663,2663,725,3,45,Late,40+,Delivered
6664,2664,786,12,45,Late,40+,Delivered
6665,2665,749,8,20,On Time,0-20,Delivered
6666,2666,797,14,60,Late,40+,Delivered
6667,2667,762,12,21,On Time,21-30,Delivered
6668,2668,771,13,39,On Time,31-40,Delivered
6669,2669,784,4,21,On Time,21-30,Delivered
6670,2670,796,13,45,Late,40+,Delivered
6671,2671,740,15,36,On Time,31-40,Delivered
6672,2672,791,19,29,On Time,21-30,Delivered
6673,2673,715,19,45,Late,40+,Delivered
6674,2674,722,11,45,Late,40+,Delivered
6675,2675,782,3,69,Late,40+,Delivered
6676,2676,737,17,33,On Time,31-40,Delivered
6677,2677,740,11,29,On Time,21-30,Delivered
6678,2678,751,19,35,On Time,31-40,Delivered
6679,2679,773,2,35,On Time,31-40,Delivered
6680,2680,787,9,68,Late,40+,Delivered
6681,2681,753,7,61,Late,40+,Delivered
6682,2682,788,6,52,Late,40+,Delivered
6683,2683,745,8,31,On Time,31-40,Delivered
6684,2684,741,15,54,Late,40+,Delivered
6685,2685,707,8,45,Late,40+,Delivered
6686,2686,782,15,26,On Time,21-30,Delivered
6687,2687,721,12,41,Late,40+,Delivered
6688,2688,787,10,45,Late,40+,Delivered
6689,2689,739,20,29,On Time,21-30,Delivered
6690,2690,705,18,46,Late,40+,Delivered
6691,2691,788,15,62,Late,40+,Delivered
6692,2692,746,16,48,Late,40+,Delivered
6693,2693,726,17,45,Late,40+,Delivered
6694,2694,753,5,35,On Time,31-40,Delivered
6695,2695,719,3,40,On Time,31-40,Delivered
6696,2696,776,5,45,Late,40+,Delivered
6697,2697,800,6,32,On Time,31-40,Delivered
6698,2698,772,14,45,Late,40+,Delivered
6699,2699,774,4,69,Late,40+,Delivered
6700,2700,702,18,45,Late,40+,Delivered
6701,2701,712,14,24,On Time,21-30,Delivered
6702,2702,726,11,21,On Time,21-30,Delivered
6703,2703,757,8,69,Late,40+,Delivered
6704,2704,785,10,50,Late,40+,Delivered
6705,2705,800,1,50,Late,40+,Delivered
6706,2706,723,13,66,Late,40+,Delivered
6707,2707,714,7,54,Late,40+,Delivered
6708,2708,719,16,59,Late,40+,Delivered
6709,2709,766,15,36,On Time,31-40,Delivered
6710,2710,798,10,29,On Time,21-30,Delivered
6711,2711,775,1,51,Late,40+,Delivered
6712,2712,725,9,21,On Time,21-30,Delivered
6713,2713,768,10,56,Late,40+,Delivered
6714,2714,790,5,42,Late,40+,Delivered
6715,2715,725,14,57,Late,40+,Delivered
6716,2716,728,5,27,On Time,21-30,Delivered
6717,2717,733,11,41,Late,40+,Delivered
6718,2718,773,12,56,Late,40+,Delivered
6719,2719,745,6,60,Late,40+,Delivered
6720,2720,721,16,35,On Time,31-40,Delivered
6721,2721,740,8,30,On Time,21-30,Delivered
6722,2722,727,1,42,Late,40+,Delivered
6723,2723,712,3,49,Late,40+,Delivered
6724,2724,735,10,57,Late,40+,Delivered
6725,2725,794,9,59,Late,40+,Delivered
6726,2726,763,5,60,Late,40+,Delivered
6727,2727,704,16,64,Late,40+,Delivered
6728,2728,704,16,41,Late,40+,Delivered
6729,2729,772,18,54,Late,40+,Delivered
6730,2730,790,19,40,On Time,31-40,Delivered
6731,2731,767,16,29,On Time,21-30,Delivered
6732,2732,723,7,48,Late,40+,Delivered
6733,2733,713,17,57,Late,40+,Delivered
6734,2734,771,6,59,Late,40+,Delivered
6735,2735,784,1,25,On Time,21-30,Delivered
6736,2736,730,6,26,On Time,21-30,Delivered
6737,2737,771,11,32,On Time,31-40,Delivered
6738,2738,728,4,56,Late,40+,Delivered
6739,2739,711,2,60,Late,40+,Delivered
6740,2740,783,4,45,Late,40+,Delivered
6741,2741,716,11,33,On Time,31-40,Delivered
6742,2742,781,11,55,Late,40+,Delivered
6743,2743,760,1,45,Late,40+,Delivered
6744,2744,716,19,22,On Time,21-30,Delivered
6745,2745,703,7,28,On Time,21-30,Delivered
6746,2746,767,7,36,On Time,31-40,Delivered
6747,2747,706,3,24,On Time,21-30,Delivered
6748,2748,790,1,29,On Time,21-30,Delivered
6749,2749,765,10,25,On Time,21-30,Delivered
6750,2750,747,19,68,Late,40+,Delivered
6751,2751,799,15,34,On Time,31-40,Delivered
6752,2752,712,4,68,Late,40+,Delivered
6753,2753,731,4,70,Late,40+,Delivered
6754,2754,773,16,28,On Time,21-30,Delivered
6755,2755,760,1,46,Late,40+,Delivered
6756,2756,744,17,45,Late,40+,Delivered
6757,2757,715,3,26,On Time,21-30,Delivered
6758,2758,775,19,45,Late,40+,Delivered
6759,2759,721,18,45,Late,40+,Delivered
6760,2760,762,8,63,Late,40+,Delivered
6761,2761,787,1,47,Late,40+,Delivered
6762,2762,794,17,62,Late,40+,Delivered
6763,2763,726,20,29,On Time,21-30,Delivered
6764,2764,795,16,34,On Time,31-40,Delivered
6765,2765,717,7,70,Late,40+,Delivered
6766,2766,733,3,45,Late,40+,Delivered
6767,2767,759,14,59,Late,40+,Delivered
6768,2768,716,19,59,Late,40+,Delivered
6769,2769,730,11,57,Late,40+,Delivered
6770,2770,779,1,27,On Time,21-30,Delivered
6771,2771,784,3,62,Late,40+,Delivered
6772,2772,794,5,21,On Time,21-30,Delivered
6773,2773,768,19,70,Late,40+,Delivered
6774,2774,773,6,46,Late,40+,Delivered
6775,2775,787,2,27,On Time,21-30,Delivered
6776,2776,793,7,70,Late,40+,Delivered
6777,2777,782,14,25,On Time,21-30,Delivered
6778,2778,731,13,64,Late,40+,Delivered
6779,2779,764,8,60,Late,40+,Delivered
6780,2780,749,11,68,Late,40+,Delivered
6781,2781,771,10,44,Late,40+,Delivered
6782,2782,793,16,57,Late,40+,Delivered
6783,2783,785,19,52,Late,40+,Delivered
6784,2784,769,8,54,Late,40+,Delivered
6785,2785,728,16,39,On Time,31-40,Delivered
6786,2786,763,2,45,Late,40+,Delivered
6787,2787,760,6,48,Late,40+,Delivered
6788,2788,713,8,66,Late,40+,Delivered
6789,2789,781,12,34,On Time,31-40,Delivered
6790,2790,779,4,38,On Time,31-40,Delivered
6791,2791,767,2,20,On Time,0-20,Delivered
6792,2792,713,2,33,On Time,31-40,Delivered
6793,2793,717,12,44,Late,40+,Delivered
6794,2794,734,8,20,On Time,0-20,Delivered
6795,2795,749,12,24,On Time,21-30,Delivered
6796,2796,748,7,58,Late,40+,Delivered
6797,2797,745,9,41,Late,40+,Delivered
6798,2798,774,5,64,Late,40+,Delivered
6799,2799,799,4,41,Late,40+,Delivered
6800,2800,760,13,60,Late,40+,Delivered
6801,2801,716,19,21,On Time,21-30,Delivered
6802,2802,786,17,36,On Time,31-40,Delivered
6803,2803,742,14,33,On Time,31-40,Delivered
6804,2804,768,16,37,On Time,31-40,Delivered
6805,2805,738,3,44,Late,40+,Delivered
6806,2806,712,19,45,Late,40+,Delivered
6807,2807,789,11,50,Late,40+,Delivered
6808,2808,717,15,22,On Time,21-30,Delivered
6809,2809,765,11,36,On Time,31-40,Delivered
6810,2810,762,6,20,On Time,0-20,Delivered
6811,2811,706,5,59,Late,40+,Delivered
6812,2812,714,18,30,On Time,21-30,Delivered
6813,2813,793,11,25,On Time,21-30,Delivered
6814,2814,763,8,59,Late,40+,Delivered
6815,2815,747,10,64,Late,40+,Delivered
6816,2816,746,20,62,Late,40+,Delivered
6817,2817,782,17,45,Late,40+,Delivered
6818,2818,775,2,58,Late,40+,Delivered
6819,2819,756,8,28,On Time,21-30,Delivered
6820,2820,718,8,57,Late,40+,Delivered
6821,2821,707,11,48,Late,40+,Delivered
6822,2822,737,17,54,Late,40+,Delivered
6823,2823,719,10,45,Late,40+,Delivered
6824,2824,739,8,62,Late,40+,Delivered
6825,2825,714,7,39,On Time,31-40,Delivered
6826,2826,763,5,30,On Time,21-30,Delivered
6827,2827,784,10,59,Late,40+,Delivered
6828,2828,787,13,23,On Time,21-30,Delivered
6829,2829,772,13,30,On Time,21-30,Delivered
6830,2830,778,5,47,Late,40+,Delivered
6831,2831,741,3,66,Late,40+,Delivered
6832,2832,729,19,69,Late,40+,Delivered
6833,2833,702,16,66,Late,40+,Delivered
6834,2834,750,13,22,On Time,21-30,Delivered
6835,2835,725,8,20,On Time,0-20,Delivered
6836,2836,750,2,47,Late,40+,Delivered
6837,2837,704,17,33,On Time,31-40,Delivered
6838,2838,701,20,70,Late,40+,Delivered
6839,2839,725,11,66,Late,40+,Delivered
6840,2840,776,8,27,On Time,21-30,Delivered
6841,2841,751,2,47,Late,40+,Delivered
6842,2842,775,5,62,Late,40+,Delivered
6843,2843,756,16,65,Late,40+,Delivered
6844,2844,714,20,20,On Time,0-20,Delivered
6845,2845,791,15,47,Late,40+,Delivered
6846,2846,702,1,36,On Time,31-40,Delivered
6847,2847,779,7,45,Late,40+,Delivered
6848,2848,720,13,28,On Time,21-30,Delivered
6849,2849,768,18,60,Late,40+,Delivered
6850,2850,780,17,31,On Time,31-40,Delivered
6851,2851,711,20,32,On Time,31-40,Delivered
6852,2852,762,18,21,On Time,21-30,Delivered
6853,2853,796,20,24,On Time,21-30,Delivered
6854,2854,775,16,68,Late,40+,Delivered
6855,2855,743,6,24,On Time,21-30,Delivered
6856,2856,719,15,21,On Time,21-30,Delivered
6857,2857,787,17,43,Late,40+,Delivered
6858,2858,771,16,23,On Time,21-30,Delivered
6859,2859,720,15,45,Late,40+,Delivered
6860,2860,706,17,32,On Time,31-40,Delivered
6861,2861,719,9,45,Late,40+,Delivered
6862,2862,710,11,40,On Time,31-40,Delivered
6863,2863,702,20,64,Late,40+,Delivered
6864,2864,797,2,68,Late,40+,Delivered
6865,2865,790,7,22,On Time,21-30,Delivered
6866,2866,750,8,66,Late,40+,Delivered
6867,2867,745,7,64,Late,40+,Delivered
6868,2868,705,3,21,On Time,21-30,Delivered
6869,2869,756,7,66,Late,40+,Delivered
6870,2870,771,18,22,On Time,21-30,Delivered
6871,2871,727,10,67,Late,40+,Delivered
6872,2872,727,7,45,Late,40+,Delivered
6873,2873,796,8,69,Late,40+,Delivered
6874,2874,736,3,25,On Time,21-30,Delivered
6875,2875,799,11,33,On Time,31-40,Delivered
6876,2876,758,4,58,Late,40+,Delivered
6877,2877,792,16,50,Late,40+,Delivered
6878,2878,773,3,61,Late,40+,Delivered
6879,2879,711,12,23,On Time,21-30,Delivered
6880,2880,744,5,21,On Time,21-30,Delivered
6881,2881,728,17,61,Late,40+,Delivered
6882,2882,713,7,49,Late,40+,Delivered
6883,2883,720,8,51,Late,40+,Delivered
6884,2884,707,1,41,Late,40+,Delivered
6885,2885,749,6,31,On Time,31-40,Delivered
6886,2886,790,12,45,Late,40+,Delivered
6887,2887,800,7,51,Late,40+,Delivered
6888,2888,730,10,56,Late,40+,Delivered
6889,2889,769,15,64,Late,40+,Delivered
6890,2890,794,13,52,Late,40+,Delivered
6891,2891,724,7,55,Late,40+,Delivered
6892,2892,717,13,49,Late,40+,Delivered
6893,2893,789,10,30,On Time,21-30,Delivered
6894,2894,780,4,44,Late,40+,Delivered
6895,2895,798,6,57,Late,40+,Delivered
6896,2896,735,4,65,Late,40+,Delivered
6897,2897,765,11,63,Late,40+,Delivered
6898,2898,775,2,45,Late,40+,Delivered
6899,2899,727,4,24,On Time,21-30,Delivered
6900,2900,708,2,45,Late,40+,Delivered
6901,2901,781,6,51,Late,40+,Delivered
6902,2902,788,18,67,Late,40+,Delivered
6903,2903,786,17,30,On Time,21-30,Delivered
6904,2904,727,2,36,On Time,31-40,Delivered
6905,2905,754,15,52,Late,40+,Delivered
6906,2906,760,6,69,Late,40+,Delivered
6907,2907,754,1,31,On Time,31-40,Delivered
6908,2908,711,12,30,On Time,21-30,Delivered
6909,2909,703,9,50,Late,40+,Delivered
6910,2910,722,7,57,Late,40+,Delivered
6911,2911,743,17,26,On Time,21-30,Delivered
6912,2912,750,17,20,On Time,0-20,Delivered
6913,2913,754,15,62,Late,40+,Delivered
6914,2914,751,19,22,On Time,21-30,Delivered
6915,2915,740,7,49,Late,40+,Delivered
6916,2916,753,19,56,Late,40+,Delivered
6917,2917,704,1,59,Late,40+,Delivered
6918,2918,768,4,45,Late,40+,Delivered
6919,2919,707,12,48,Late,40+,Delivered
6920,2920,742,9,40,On Time,31-40,Delivered
6921,2921,763,2,25,On Time,21-30,Delivered
6922,2922,770,20,53,Late,40+,Delivered
6923,2923,797,16,40,On Time,31-40,Delivered
6924,2924,743,5,50,Late,40+,Delivered
6925,2925,744,9,53,Late,40+,Delivered
6926,2926,760,12,46,Late,40+,Delivered
6927,2927,780,18,70,Late,40+,Delivered
6928,2928,775,15,23,On Time,21-30,Delivered
6929,2929,721,15,34,On Time,31-40,Delivered
6930,2930,779,10,26,On Time,21-30,Delivered
6931,2931,783,16,66,Late,40+,Delivered
6932,2932,768,11,45,Late,40+,Delivered
6933,2933,717,5,64,Late,40+,Delivered
6934,2934,779,1,64,Late,40+,Delivered
6935,2935,737,17,45,Late,40+,Delivered
6936,2936,773,13,25,On Time,21-30,Delivered
6937,2937,778,18,45,Late,40+,Delivered
6938,2938,785,19,35,On Time,31-40,Delivered
6939,2939,798,20,54,Late,40+,Delivered
6940,2940,715,11,60,Late,40+,Delivered
6941,2941,785,12,60,Late,40+,Delivered
6942,2942,738,8,45,Late,40+,Delivered
6943,2943,748,5,35,On Time,31-40,Delivered
6944,2944,790,11,63,Late,40+,Delivered
6945,2945,748,16,29,On Time,21-30,Delivered
6946,2946,798,18,62,Late,40+,Delivered
6947,2947,757,8,37,On Time,31-40,Delivered
6948,2948,775,7,46,Late,40+,Delivered
6949,2949,769,5,45,Late,40+,Delivered
6950,2950,739,2,23,On Time,21-30,Delivered
6951,2951,772,1,56,Late,40+,Delivered
6952,2952,736,11,25,On Time,21-30,Delivered
6953,2953,756,12,28,On Time,21-30,Delivered
6954,2954,742,12,40,On Time,31-40,Delivered
6955,2955,765,13,63,Late,40+,Delivered
6956,2956,738,18,39,On Time,31-40,Delivered
6957,2957,763,18,45,Late,40+,Delivered
6958,2958,713,6,45,Late,40+,Delivered
6959,2959,710,13,68,Late,40+,Delivered
6960,2960,778,17,29,On Time,21-30,Delivered
6961,2961,798,13,30,On Time,21-30,Delivered
6962,2962,751,12,23,On Time,21-30,Delivered
6963,2963,781,10,62,Late,40+,Delivered
6964,2964,753,15,41,Late,40+,Delivered
6965,2965,776,14,22,On Time,21-30,Delivered
6966,2966,727,5,69,Late,40+,Delivered
6967,2967,795,11,41,Late,40+,Delivered
6968,2968,743,10,68,Late,40+,Delivered
6969,2969,724,3,45,Late,40+,Delivered
6970,2970,734,17,30,On Time,21-30,Delivered
6971,2971,743,9,46,Late,40+,Delivered
6972,2972,800,4,33,On Time,31-40,Delivered
6973,2973,738,13,33,On Time,31-40,Delivered
6974,2974,725,1,29,On Time,21-30,Delivered
6975,2975,797,12,68,Late,40+,Delivered
6976,2976,755,3,45,Late,40+,Delivered
6977,2977,734,15,35,On Time,31-40,Delivered
6978,2978,728,8,45,Late,40+,Delivered
6979,2979,777,5,27,On Time,21-30,Delivered
6980,2980,765,1,43,Late,40+,Delivered
6981,2981,773,14,52,Late,40+,Delivered
6982,2982,770,19,59,Late,40+,Delivered
6983,2983,725,17,69,Late,40+,Delivered
6984,2984,706,5,40,On Time,31-40,Delivered
6985,2985,780,2,62,Late,40+,Delivered
6986,2986,753,8,48,Late,40+,Delivered
6987,2987,731,1,42,Late,40+,Delivered
6988,2988,796,4,38,On Time,31-40,Delivered
6989,2989,790,9,42,Late,40+,Delivered
6990,2990,764,13,68,Late,40+,Delivered
6991,2991,763,5,52,Late,40+,Delivered
6992,2992,704,20,29,On Time,21-30,Delivered
6993,2993,719,15,67,Late,40+,Delivered
6994,2994,794,8,31,On Time,31-40,Delivered
6995,2995,800,1,61,Late,40+,Delivered
6996,2996,772,18,29,On Time,21-30,Delivered
6997,2997,738,4,61,Late,40+,Delivered
6998,2998,722,2,60,Late,40+,Delivered
6999,2999,708,3,45,Late,40+,Delivered
7000,3000,726,4,20,On Time,0-20,Delivered
7001,3001,718,2,42,Late,40+,Delivered
7002,3002,710,11,63,Late,40+,Delivered
7003,3003,783,18,45,Late,40+,Delivered
7004,3004,729,13,69,Late,40+,Delivered
7005,3005,762,5,62,Late,40+,Delivered
7006,3006,729,16,62,Late,40+,Delivered
7007,3007,721,8,52,Late,40+,Delivered
7008,3008,776,14,28,On Time,21-30,Delivered
7009,3009,742,7,66,Late,40+,Delivered
7010,3010,790,16,36,On Time,31-40,Delivered
7011,3011,722,14,40,On Time,31-40,Delivered
7012,3012,794,14,68,Late,40+,Delivered
7013,3013,737,17,46,Late,40+,Delivered
7014,3014,770,7,57,Late,40+,Delivered
7015,3015,708,17,65,Late,40+,Delivered
7016,3016,723,1,34,On Time,31-40,Delivered
7017,3017,735,5,30,On Time,21-30,Delivered
7018,3018,784,7,70,Late,40+,Delivered
7019,3019,713,8,50,Late,40+,Delivered
7020,3020,754,18,35,On Time,31-40,Delivered
7021,3021,742,17,45,Late,40+,Delivered
7022,3022,761,17,27,On Time,21-30,Delivered
7023,3023,708,3,55,Late,40+,Delivered
7024,3024,719,7,63,Late,40+,Delivered
7025,3025,769,7,58,Late,40+,Delivered
7026,3026,712,6,25,On Time,21-30,Delivered
7027,3027,726,10,35,On Time,31-40,Delivered
7028,3028,748,12,63,Late,40+,Delivered
7029,3029,751,17,45,Late,40+,Delivered
7030,3030,783,20,40,On Time,31-40,Delivered
7031,3031,740,9,46,Late,40+,Delivered
7032,3032,739,3,21,On Time,21-30,Delivered
7033,3033,800,10,44,Late,40+,Delivered
7034,3034,712,12,31,On Time,31-40,Delivered
7035,3035,756,7,41,Late,40+,Delivered
7036,3036,779,16,61,Late,40+,Delivered
7037,3037,735,7,61,Late,40+,Delivered
7038,3038,718,5,31,On Time,31-40,Delivered
7039,3039,778,20,34,On Time,31-40,Delivered
7040,3040,751,12,41,Late,40+,Delivered
7041,3041,760,16,49,Late,40+,Delivered
7042,3042,713,19,40,On Time,31-40,Delivered
7043,3043,759,18,69,Late,40+,Delivered
7044,3044,729,16,22,On Time,21-30,Delivered
7045,3045,784,8,62,Late,40+,Delivered
7046,3046,740,12,63,Late,40+,Delivered
7047,3047,790,1,62,Late,40+,Delivered
7048,3048,718,13,43,Late,40+,Delivered
7049,3049,775,5,21,On Time,21-30,Delivered
7050,3050,770,9,44,Late,40+,Delivered
7051,3051,741,17,50,Late,40+,Delivered
7052,3052,791,17,40,On Time,31-40,Delivered
7053,3053,751,12,22,On Time,21-30,Delivered
7054,3054,769,13,56,Late,40+,Delivered
7055,3055,765,9,28,On Time,21-30,Delivered
7056,3056,734,20,54,Late,40+,Delivered
7057,3057,741,19,45,Late,40+,Delivered
7058,3058,786,17,38,On Time,31-40,Delivered
7059,3059,749,6,37,On Time,31-40,Delivered
7060,3060,788,9,31,On Time,31-40,Delivered
7061,3061,762,7,45,Late,40+,Delivered
7062,3062,750,20,43,Late,40+,Delivered
7063,3063,788,20,28,On Time,21-30,Delivered
7064,3064,704,16,49,Late,40+,Delivered
7065,3065,746,4,45,Late,40+,Delivered
7066,3066,753,3,70,Late,40+,Delivered
7067,3067,713,13,59,Late,40+,Delivered
7068,3068,743,19,55,Late,40+,Delivered
7069,3069,714,9,29,On Time,21-30,Delivered
7070,3070,708,2,23,On Time,21-30,Delivered
7071,3071,725,8,61,Late,40+,Delivered
7072,3072,720,12,28,On Time,21-30,Delivered
7073,3073,741,8,28,On Time,21-30,Delivered
7074,3074,788,7,70,Late,40+,Delivered
7075,3075,782,4,25,On Time,21-30,Delivered
7076,3076,791,9,27,On Time,21-30,Delivered
7077,3077,717,11,60,Late,40+,Delivered
7078,3078,735,18,68,Late,40+,Delivered
7079,3079,711,14,70,Late,40+,Delivered
7080,3080,753,9,20,On Time,0-20,Delivered
7081,3081,722,19,50,Late,40+,Delivered
7082,3082,785,8,45,Late,40+,Delivered
7083,3083,728,1,23,On Time,21-30,Delivered
7084,3084,762,13,37,On Time,31-40,Delivered
7085,3085,796,13,31,On Time,31-40,Delivered
7086,3086,789,3,35,On Time,31-40,Delivered
7087,3087,722,7,28,On Time,21-30,Delivered
7088,3088,724,10,28,On Time,21-30,Delivered
7089,3089,741,5,45,Late,40+,Delivered
7090,3090,797,4,30,On Time,21-30,Delivered
7091,3091,767,10,24,On Time,21-30,Delivered
7092,3092,746,6,37,On Time,31-40,Delivered
7093,3093,733,19,40,On Time,31-40,Delivered
7094,3094,770,9,43,Late,40+,Delivered
7095,3095,701,4,68,Late,40+,Delivered
7096,3096,713,8,35,On Time,31-40,Delivered
7097,3097,727,11,42,Late,40+,Delivered
7098,3098,761,1,66,Late,40+,Delivered
7099,3099,728,11,64,Late,40+,Delivered
7100,3100,712,6,41,Late,40+,Delivered
7101,3101,785,6,34,On Time,31-40,Delivered
7102,3102,759,18,51,Late,40+,Delivered
7103,3103,766,8,69,Late,40+,Delivered
7104,3104,701,4,61,Late,40+,Delivered
7105,3105,746,8,30,On Time,21-30,Delivered
7106,3106,767,14,45,Late,40+,Delivered
7107,3107,714,2,24,On Time,21-30,Delivered
7108,3108,766,14,70,Late,40+,Delivered
7109,3109,774,9,61,Late,40+,Delivered
7110,3110,797,9,29,On Time,21-30,Delivered
7111,3111,702,15,24,On Time,21-30,Delivered
7112,3112,763,18,45,Late,40+,Delivered
7113,3113,795,8,45,Late,40+,Delivered
7114,3114,767,14,54,Late,40+,Delivered
7115,3115,798,18,70,Late,40+,Delivered
7116,3116,708,1,45,Late,40+,Delivered
7117,3117,758,7,22,On Time,21-30,Delivered
7118,3118,767,4,35,On Time,31-40,Delivered
7119,3119,723,16,57,Late,40+,Delivered
7120,3120,774,4,55,Late,40+,Delivered
7121,3121,776,3,65,Late,40+,Delivered
7122,3122,799,15,45,Late,40+,Delivered
7123,3123,799,9,45,Late,40+,Delivered
7124,3124,728,15,44,Late,40+,Delivered
7125,3125,759,19,33,On Time,31-40,Delivered
7126,3126,761,20,50,Late,40+,Delivered
7127,3127,711,16,50,Late,40+,Delivered
7128,3128,781,3,21,On Time,21-30,Delivered
7129,3129,767,7,24,On Time,21-30,Delivered
7130,3130,723,10,43,Late,40+,Delivered
7131,3131,710,1,52,Late,40+,Delivered
7132,3132,782,2,47,Late,40+,Delivered
7133,3133,745,16,51,Late,40+,Delivered
7134,3134,713,9,45,Late,40+,Delivered
7135,3135,745,11,40,On Time,31-40,Delivered
7136,3136,742,3,31,On Time,31-40,Delivered
7137,3137,763,9,45,Late,40+,Delivered
7138,3138,707,13,66,Late,40+,Delivered
7139,3139,701,17,32,On Time,31-40,Delivered
7140,3140,725,10,56,Late,40+,Delivered
7141,3141,765,7,29,On Time,21-30,Delivered
7142,3142,743,6,59,Late,40+,Delivered
7143,3143,756,4,69,Late,40+,Delivered
7144,3144,725,3,47,Late,40+,Delivered
7145,3145,720,6,45,Late,40+,Delivered
7146,3146,793,7,54,Late,40+,Delivered
7147,3147,783,7,45,Late,40+,Delivered
7148,3148,732,4,62,Late,40+,Delivered
7149,3149,764,1,33,On Time,31-40,Delivered
7150,3150,761,6,55,Late,40+,Delivered
7151,3151,774,14,23,On Time,21-30,Delivered
7152,3152,722,15,45,Late,40+,Delivered
7153,3153,732,11,66,Late,40+,Delivered
7154,3154,754,7,69,Late,40+,Delivered
7155,3155,719,6,25,On Time,21-30,Delivered
7156,3156,766,14,22,On Time,21-30,Delivered
7157,3157,759,18,40,On Time,31-40,Delivered
7158,3158,718,5,55,Late,40+,Delivered
7159,3159,724,13,45,Late,40+,Delivered
7160,3160,743,12,66,Late,40+,Delivered
7161,3161,737,14,53,Late,40+,Delivered
7162,3162,714,13,46,Late,40+,Delivered
7163,3163,722,13,45,Late,40+,Delivered
7164,3164,736,5,64,Late,40+,Delivered
7165,3165,800,11,58,Late,40+,Delivered
7166,3166,750,16,29,On Time,21-30,Delivered
7167,3167,705,15,45,Late,40+,Delivered
7168,3168,799,20,67,Late,40+,Delivered
7169,3169,777,16,36,On Time,31-40,Delivered
7170,3170,724,11,65,Late,40+,Delivered
7171,3171,750,14,20,On Time,0-20,Delivered
7172,3172,771,5,45,Late,40+,Delivered
7173,3173,747,4,69,Late,40+,Delivered
7174,3174,758,7,45,Late,40+,Delivered
7175,3175,704,18,40,On Time,31-40,Delivered
7176,3176,793,4,30,On Time,21-30,Delivered
7177,3177,793,9,43,Late,40+,Delivered
7178,3178,764,18,27,On Time,21-30,Delivered
7179,3179,748,19,40,On Time,31-40,Delivered
7180,3180,795,5,32,On Time,31-40,Delivered
7181,3181,737,9,50,Late,40+,Delivered
7182,3182,783,8,46,Late,40+,Delivered
7183,3183,742,4,59,Late,40+,Delivered
7184,3184,759,3,59,Late,40+,Delivered
7185,3185,789,16,39,On Time,31-40,Delivered
7186,3186,731,17,51,Late,40+,Delivered
7187,3187,724,9,28,On Time,21-30,Delivered
7188,3188,796,13,23,On Time,21-30,Delivered
7189,3189,728,17,42,Late,40+,Delivered
7190,3190,787,11,23,On Time,21-30,Delivered
7191,3191,800,6,40,On Time,31-40,Delivered
7192,3192,719,6,69,Late,40+,Delivered
7193,3193,768,10,30,On Time,21-30,Delivered
7194,3194,709,1,38,On Time,31-40,Delivered
7195,3195,742,17,61,Late,40+,Delivered
7196,3196,774,12,43,Late,40+,Delivered
7197,3197,739,16,38,On Time,31-40,Delivered
7198,3198,709,5,66,Late,40+,Delivered
7199,3199,790,15,63,Late,40+,Delivered
7200,3200,755,2,57,Late,40+,Delivered
7201,3201,752,2,32,On Time,31-40,Delivered
7202,3202,773,19,66,Late,40+,Delivered
7203,3203,800,1,69,Late,40+,Delivered
7204,3204,755,8,67,Late,40+,Delivered
7205,3205,771,1,22,On Time,21-30,Delivered
7206,3206,784,15,69,Late,40+,Delivered
7207,3207,754,13,43,Late,40+,Delivered
7208,3208,734,12,70,Late,40+,Delivered
7209,3209,766,17,28,On Time,21-30,Delivered
7210,3210,782,20,41,Late,40+,Delivered
7211,3211,702,13,52,Late,40+,Delivered
7212,3212,770,18,45,Late,40+,Delivered
7213,3213,718,3,55,Late,40+,Delivered
7214,3214,712,19,56,Late,40+,Delivered
7215,3215,713,5,21,On Time,21-30,Delivered
7216,3216,726,17,65,Late,40+,Delivered
7217,3217,723,19,33,On Time,31-40,Delivered
7218,3218,725,9,59,Late,40+,Delivered
7219,3219,739,19,45,Late,40+,Delivered
7220,3220,737,11,65,Late,40+,Delivered
7221,3221,708,13,60,Late,40+,Delivered
7222,3222,772,5,38,On Time,31-40,Delivered
7223,3223,705,14,64,Late,40+,Delivered
7224,3224,720,12,49,Late,40+,Delivered
7225,3225,760,11,34,On Time,31-40,Delivered
7226,3226,793,2,21,On Time,21-30,Delivered
7227,3227,785,18,39,On Time,31-40,Delivered
7228,3228,800,17,66,Late,40+,Delivered
7229,3229,800,1,68,Late,40+,Delivered
7230,3230,723,2,52,Late,40+,Delivered
7231,3231,750,6,64,Late,40+,Delivered
7232,3232,791,16,55,Late,40+,Delivered
7233,3233,730,11,31,On Time,31-40,Delivered
7234,3234,743,2,38,On Time,31-40,Delivered
7235,3235,706,12,68,Late,40+,Delivered
7236,3236,738,20,44,Late,40+,Delivered
7237,3237,717,18,49,Late,40+,Delivered
7238,3238,778,5,21,On Time,21-30,Delivered
7239,3239,790,13,62,Late,40+,Delivered
7240,3240,704,15,37,On Time,31-40,Delivered
7241,3241,780,7,45,Late,40+,Delivered
7242,3242,799,1,21,On Time,21-30,Delivered
7243,3243,732,9,20,On Time,0-20,Delivered
7244,3244,741,2,48,Late,40+,Delivered
7245,3245,717,11,70,Late,40+,Delivered
7246,3246,781,12,45,Late,40+,Delivered
7247,3247,756,1,20,On Time,0-20,Delivered
7248,3248,753,13,39,On Time,31-40,Delivered
7249,3249,739,6,43,Late,40+,Delivered
7250,3250,728,4,25,On Time,21-30,Delivered
7251,3251,715,2,24,On Time,21-30,Delivered
7252,3252,751,8,29,On Time,21-30,Delivered
7253,3253,710,14,67,Late,40+,Delivered
7254,3254,741,4,48,Late,40+,Delivered
7255,3255,731,4,55,Late,40+,Delivered
7256,3256,774,16,52,Late,40+,Delivered
7257,3257,735,16,53,Late,40+,Delivered
7258,3258,737,9,45,Late,40+,Delivered
7259,3259,711,2,32,On Time,31-40,Delivered
7260,3260,705,8,39,On Time,31-40,Delivered
7261,3261,776,18,61,Late,40+,Delivered
7262,3262,725,9,31,On Time,31-40,Delivered
7263,3263,748,1,54,Late,40+,Delivered
7264,3264,797,2,34,On Time,31-40,Delivered
7265,3265,784,16,20,On Time,0-20,Delivered
7266,3266,796,8,59,Late,40+,Delivered
7267,3267,734,10,64,Late,40+,Delivered
7268,3268,715,20,36,On Time,31-40,Delivered
7269,3269,779,13,46,Late,40+,Delivered
7270,3270,797,12,66,Late,40+,Delivered
7271,3271,727,5,31,On Time,31-40,Delivered
7272,3272,771,14,45,Late,40+,Delivered
7273,3273,776,5,57,Late,40+,Delivered
7274,3274,703,4,42,Late,40+,Delivered
7275,3275,732,1,54,Late,40+,Delivered
7276,3276,791,13,56,Late,40+,Delivered
7277,3277,701,13,35,On Time,31-40,Delivered
7278,3278,798,19,45,Late,40+,Delivered
7279,3279,754,1,62,Late,40+,Delivered
7280,3280,774,20,54,Late,40+,Delivered
7281,3281,758,11,45,Late,40+,Delivered
7282,3282,775,16,25,On Time,21-30,Delivered
7283,3283,784,20,48,Late,40+,Delivered
7284,3284,701,4,45,Late,40+,Delivered
7285,3285,734,17,57,Late,40+,Delivered
7286,3286,735,20,50,Late,40+,Delivered
7287,3287,778,14,60,Late,40+,Delivered
7288,3288,784,13,53,Late,40+,Delivered
7289,3289,750,6,45,Late,40+,Delivered
7290,3290,795,9,53,Late,40+,Delivered
7291,3291,797,16,45,Late,40+,Delivered
7292,3292,786,8,24,On Time,21-30,Delivered
7293,3293,775,15,45,Late,40+,Delivered
7294,3294,752,6,45,Late,40+,Delivered
7295,3295,748,3,62,Late,40+,Delivered
7296,3296,752,16,36,On Time,31-40,Delivered
7297,3297,737,5,52,Late,40+,Delivered
7298,3298,754,14,40,On Time,31-40,Delivered
7299,3299,772,1,59,Late,40+,Delivered
7300,3300,736,2,41,Late,40+,Delivered
7301,3301,703,14,66,Late,40+,Delivered
7302,3302,708,6,62,Late,40+,Delivered
7303,3303,792,9,46,Late,40+,Delivered
7304,3304,735,18,26,On Time,21-30,Delivered
7305,3305,790,7,45,Late,40+,Delivered
7306,3306,776,15,42,Late,40+,Delivered
7307,3307,757,12,70,Late,40+,Delivered
7308,3308,711,4,30,On Time,21-30,Delivered
7309,3309,763,8,22,On Time,21-30,Delivered
7310,3310,711,15,45,Late,40+,Delivered
7311,3311,736,8,45,Late,40+,Delivered
7312,3312,728,17,59,Late,40+,Delivered
7313,3313,745,10,45,Late,40+,Delivered
7314,3314,711,8,29,On Time,21-30,Delivered
7315,3315,757,4,28,On Time,21-30,Delivered
7316,3316,710,1,45,Late,40+,Delivered
7317,3317,778,14,31,On Time,31-40,Delivered
7318,3318,735,15,52,Late,40+,Delivered
7319,3319,738,7,35,On Time,31-40,Delivered
7320,3320,791,9,21,On Time,21-30,Delivered
7321,3321,719,19,43,Late,40+,Delivered
7322,3322,722,6,38,On Time,31-40,Delivered
7323,3323,781,16,29,On Time,21-30,Delivered
7324,3324,790,11,22,On Time,21-30,Delivered
7325,3325,752,14,20,On Time,0-20,Delivered
7326,3326,710,5,38,On Time,31-40,Delivered
7327,3327,740,11,20,On Time,0-20,Delivered
7328,3328,790,7,46,Late,40+,Delivered
7329,3329,784,7,50,Late,40+,Delivered
7330,3330,775,7,63,Late,40+,Delivered
7331,3331,775,5,39,On Time,31-40,Delivered
7332,3332,736,20,62,Late,40+,Delivered
7333,3333,750,19,56,Late,40+,Delivered
7334,3334,751,15,64,Late,40+,Delivered
7335,3335,771,12,29,On Time,21-30,Delivered
7336,3336,721,14,45,Late,40+,Delivered
7337,3337,745,2,67,Late,40+,Delivered
7338,3338,800,12,38,On Time,31-40,Delivered
7339,3339,778,20,65,Late,40+,Delivered
7340,3340,718,1,46,Late,40+,Delivered
7341,3341,759,15,46,Late,40+,Delivered
7342,3342,784,5,63,Late,40+,Delivered
7343,3343,781,19,48,Late,40+,Delivered
7344,3344,774,11,20,On Time,0-20,Delivered
7345,3345,702,20,49,Late,40+,Delivered
7346,3346,777,7,56,Late,40+,Delivered
7347,3347,784,2,65,Late,40+,Delivered
7348,3348,701,4,44,Late,40+,Delivered
7349,3349,759,13,24,On Time,21-30,Delivered
7350,3350,757,1,69,Late,40+,Delivered
7351,3351,723,2,64,Late,40+,Delivered
7352,3352,792,3,29,On Time,21-30,Delivered
7353,3353,773,7,20,On Time,0-20,Delivered
7354,3354,789,3,56,Late,40+,Delivered
7355,3355,781,5,21,On Time,21-30,Delivered
7356,3356,768,7,63,Late,40+,Delivered
7357,3357,760,1,45,Late,40+,Delivered
7358,3358,784,7,63,Late,40+,Delivered
7359,3359,734,2,42,Late,40+,Delivered
7360,3360,702,12,34,On Time,31-40,Delivered
7361,3361,724,8,68,Late,40+,Delivered
7362,3362,726,4,65,Late,40+,Delivered
7363,3363,710,10,24,On Time,21-30,Delivered
7364,3364,773,8,27,On Time,21-30,Delivered
7365,3365,756,9,35,On Time,31-40,Delivered
7366,3366,784,3,67,Late,40+,Delivered
7367,3367,714,15,43,Late,40+,Delivered
7368,3368,737,4,59,Late,40+,Delivered
7369,3369,705,19,36,On Time,31-40,Delivered
7370,3370,762,5,32,On Time,31-40,Delivered
7371,3371,768,12,68,Late,40+,Delivered
7372,3372,712,4,38,On Time,31-40,Delivered
7373,3373,755,3,68,Late,40+,Delivered
7374,3374,734,4,23,On Time,21-30,Delivered
7375,3375,749,4,29,On Time,21-30,Delivered
7376,3376,761,10,56,Late,40+,Delivered
7377,3377,731,6,67,Late,40+,Delivered
7378,3378,784,15,45,Late,40+,Delivered
7379,3379,733,1,45,Late,40+,Delivered
7380,3380,788,4,45,Late,40+,Delivered
7381,3381,795,6,50,Late,40+,Delivered
7382,3382,715,12,64,Late,40+,Delivered
7383,3383,703,14,67,Late,40+,Delivered
7384,3384,778,6,27,On Time,21-30,Delivered
7385,3385,715,9,62,Late,40+,Delivered
7386,3386,706,20,54,Late,40+,Delivered
7387,3387,742,18,30,On Time,21-30,Delivered
7388,3388,790,17,43,Late,40+,Delivered
7389,3389,748,7,47,Late,40+,Delivered
7390,3390,780,14,69,Late,40+,Delivered
7391,3391,769,4,32,On Time,31-40,Delivered
7392,3392,743,6,68,Late,40+,Delivered
7393,3393,722,3,26,On Time,21-30,Delivered
7394,3394,748,20,44,Late,40+,Delivered
7395,3395,711,6,45,Late,40+,Delivered
7396,3396,764,4,52,Late,40+,Delivered
7397,3397,767,9,33,On Time,31-40,Delivered
7398,3398,786,9,44,Late,40+,Delivered
7399,3399,746,6,32,On Time,31-40,Delivered
7400,3400,788,15,58,Late,40+,Delivered
7401,3401,792,1,60,Late,40+,Delivered
7402,3402,758,4,45,Late,40+,Delivered
7403,3403,746,18,26,On Time,21-30,Delivered
7404,3404,768,15,58,Late,40+,Delivered
7405,3405,797,10,24,On Time,21-30,Delivered
7406,3406,797,2,49,Late,40+,Delivered
7407,3407,727,15,51,Late,40+,Delivered
7408,3408,792,4,46,Late,40+,Delivered
7409,3409,764,16,45,Late,40+,Delivered
7410,3410,743,15,55,Late,40+,Delivered
7411,3411,764,15,67,Late,40+,Delivered
7412,3412,723,11,24,On Time,21-30,Delivered
7413,3413,794,6,55,Late,40+,Delivered
7414,3414,772,15,30,On Time,21-30,Delivered
7415,3415,720,13,22,On Time,21-30,Delivered
7416,3416,741,17,21,On Time,21-30,Delivered
7417,3417,725,7,35,On Time,31-40,Delivered
7418,3418,741,13,64,Late,40+,Delivered
7419,3419,701,10,23,On Time,21-30,Delivered
7420,3420,766,11,20,On Time,0-20,Delivered
7421,3421,786,12,45,Late,40+,Delivered
7422,3422,763,19,37,On Time,31-40,Delivered
7423,3423,705,1,45,Late,40+,Delivered
7424,3424,702,13,57,Late,40+,Delivered
7425,3425,780,12,66,Late,40+,Delivered
7426,3426,732,11,27,On Time,21-30,Delivered
7427,3427,712,14,61,Late,40+,Delivered
7428,3428,783,15,59,Late,40+,Delivered
7429,3429,723,17,41,Late,40+,Delivered
7430,3430,780,10,26,On Time,21-30,Delivered
7431,3431,754,10,42,Late,40+,Delivered
7432,3432,714,9,45,Late,40+,Delivered
7433,3433,705,14,58,Late,40+,Delivered
7434,3434,784,6,46,Late,40+,Delivered
7435,3435,799,17,45,Late,40+,Delivered
7436,3436,741,9,65,Late,40+,Delivered
7437,3437,707,14,45,Late,40+,Delivered
7438,3438,797,11,43,Late,40+,Delivered
7439,3439,709,12,22,On Time,21-30,Delivered
7440,3440,798,7,23,On Time,21-30,Delivered
7441,3441,751,11,56,Late,40+,Delivered
7442,3442,793,8,70,Late,40+,Delivered
7443,3443,743,9,67,Late,40+,Delivered
7444,3444,732,16,46,Late,40+,Delivered
7445,3445,746,1,59,Late,40+,Delivered
7446,3446,702,17,21,On Time,21-30,Delivered
7447,3447,711,4,45,Late,40+,Delivered
7448,3448,730,12,45,Late,40+,Delivered
7449,3449,745,4,47,Late,40+,Delivered
7450,3450,716,20,45,Late,40+,Delivered
7451,3451,780,5,59,Late,40+,Delivered
7452,3452,732,18,51,Late,40+,Delivered
7453,3453,755,20,32,On Time,31-40,Delivered
7454,3454,739,13,45,Late,40+,Delivered
7455,3455,785,3,55,Late,40+,Delivered
7456,3456,799,13,29,On Time,21-30,Delivered
7457,3457,722,16,39,On Time,31-40,Delivered
7458,3458,795,8,59,Late,40+,Delivered
7459,3459,737,20,53,Late,40+,Delivered
7460,3460,721,10,61,Late,40+,Delivered
7461,3461,786,13,58,Late,40+,Delivered
7462,3462,793,11,59,Late,40+,Delivered
7463,3463,734,5,49,Late,40+,Delivered
7464,3464,732,17,26,On Time,21-30,Delivered
7465,3465,736,1,28,On Time,21-30,Delivered
7466,3466,745,6,33,On Time,31-40,Delivered
7467,3467,797,12,21,On Time,21-30,Delivered
7468,3468,704,15,28,On Time,21-30,Delivered
7469,3469,756,12,32,On Time,31-40,Delivered
7470,3470,761,8,31,On Time,31-40,Delivered
7471,3471,727,12,28,On Time,21-30,Delivered
7472,3472,777,5,36,On Time,31-40,Delivered
7473,3473,799,5,26,On Time,21-30,Delivered
7474,3474,748,6,38,On Time,31-40,Delivered
7475,3475,726,13,67,Late,40+,Delivered
7476,3476,772,8,69,Late,40+,Delivered
7477,3477,716,10,64,Late,40+,Delivered
7478,3478,752,7,54,Late,40+,Delivered
7479,3479,761,1,60,Late,40+,Delivered
7480,3480,756,6,35,On Time,31-40,Delivered
7481,3481,797,19,29,On Time,21-30,Delivered
7482,3482,737,16,43,Late,40+,Delivered
7483,3483,766,5,40,On Time,31-40,Delivered
7484,3484,763,2,62,Late,40+,Delivered
7485,3485,717,4,60,Late,40+,Delivered
7486,3486,780,19,38,On Time,31-40,Delivered
7487,3487,754,7,64,Late,40+,Delivered
7488,3488,758,3,42,Late,40+,Delivered
7489,3489,750,3,70,Late,40+,Delivered
7490,3490,788,16,56,Late,40+,Delivered
7491,3491,755,17,53,Late,40+,Delivered
7492,3492,709,8,44,Late,40+,Delivered
7493,3493,702,5,53,Late,40+,Delivered
7494,3494,760,16,29,On Time,21-30,Delivered
7495,3495,748,5,66,Late,40+,Delivered
7496,3496,751,9,45,Late,40+,Delivered
7497,3497,785,12,54,Late,40+,Delivered
7498,3498,701,4,70,Late,40+,Delivered
7499,3499,785,9,29,On Time,21-30,Delivered
7500,3500,784,13,66,Late,40+,Delivered
