order_id,customer_id,restaurant_id,order_date,order_time,order_status,Order_day,order_hour,delivery_time_minutes,total_amount
2001,1336,335,2023-03-17,22:15,Cancelled,Friday,22,30,392
2002,1558,394,2023-04-29,17:30,Cancelled,Saturday,17,45,343
2003,2336,318,2023-08-25,15:30,Delivered,Friday,15,65,1910
2004,1756,367,2023-09-21,21:30,Delivered,Thursday,21,54,471
2005,1143,349,2023-06-28,18:45,Delivered,Wednesday,18,45,1208
2006,1909,337,2023-08-05,10:30,Delivered,Saturday,10,58,1021
2007,2179,320,2023-02-09,20:00,Cancelled,Thursday,20,55,1367
2008,1382,315,2023-12-02,18:15,Delivered,Saturday,18,70,398
2009,1112,364,2023-07-17,11:00,Cancelled,Monday,11,57,1970
2010,1855,334,2023-11-21,11:15,Cancelled,Tuesday,11,54,1566
2011,1117,392,2023-09-02,21:00,Delivered,Saturday,21,61,1424
2012,2248,331,2023-05-19,18:15,Delivered,Friday,18,50,250
2013,1572,394,2023-03-26,15:30,Cancelled,Sunday,15,45,1081
2014,1342,303,2023-06-30,19:00,Delivered,Friday,19,37,1511
2015,1732,328,2023-09-26,19:45,Delivered,Tuesday,19,51,1921
2016,1221,388,2023-09-26,11:00,Cancelled,Tuesday,11,68,1774
2017,2233,315,2023-07-07,12:00,Delivered,Friday,12,45,1492
2018,1989,306,2023-05-21,16:30,Delivered,Sunday,16,32,345
2019,2020,384,2023-11-02,12:30,Cancelled,Thursday,12,51,1878
2020,2478,339,2023-10-25,12:00,Delivered,Wednesday,12,53,680
2021,2048,362,2023-12-22,16:15,Cancelled,Friday,16,66,594
2022,2024,333,2023-12-27,10:00,Cancelled,Wednesday,10,45,292
2023,2235,375,2023-05-16,20:00,Cancelled,Tuesday,20,66,1407
2024,1851,350,2023-02-04,21:15,Delivered,Saturday,21,55,1347
2025,2022,363,2023-09-26,20:30,Delivered,Tuesday,20,45,833
2026,2189,364,2023-06-16,18:45,Delivered,Friday,18,36,1958
2027,2491,318,2023-01-17,16:00,Delivered,Tuesday,16,32,1781
2028,2174,350,2023-06-07,22:15,Delivered,Wednesday,22,26,1641
2029,1496,383,2023-08-25,22:30,Delivered,Friday,22,52,1386
2030,1548,358,2023-02-10,18:15,Cancelled,Friday,18,48,1212
2031,2276,378,2023-11-06,18:30,Delivered,Monday,18,50,1547
2032,2353,393,2023-01-24,11:30,Cancelled,Tuesday,11,36,665
2033,1223,308,2023-01-24,17:00,Cancelled,Tuesday,17,66,480
2034,1235,383,2023-02-20,21:00,Cancelled,Monday,21,40,983
2035,1419,332,2023-02-07,14:15,Delivered,Tuesday,14,68,1917
2036,2235,357,2023-11-24,13:30,Delivered,Friday,13,23,374
2037,1471,372,2023-12-11,20:45,Delivered,Monday,20,20,443
2038,1668,347,2023-12-11,22:15,Cancelled,Monday,22,66,525
2039,2470,310,2023-10-10,22:15,Delivered,Tuesday,22,52,1472
2040,2460,364,2023-03-25,10:30,Delivered,Saturday,10,30,664
2041,2066,345,2023-02-18,10:30,Delivered,Saturday,10,65,1998
2042,2165,327,2023-02-16,10:45,Delivered,Thursday,10,65,405
2043,1401,324,2023-11-07,17:15,Delivered,Tuesday,17,66,1225
2044,2113,360,2023-08-17,13:30,Delivered,Thursday,13,68,1423
2045,2018,317,2023-10-16,16:30,Cancelled,Monday,16,65,309
2046,1502,387,2023-06-08,18:00,Delivered,Thursday,18,25,1648
2047,1129,301,2023-09-18,10:00,Delivered,Monday,10,68,1811
2048,1791,342,2023-09-18,16:45,Delivered,Monday,16,52,1928
2049,2042,378,2023-11-29,22:15,Delivered,Wednesday,22,48,1702
2050,2232,380,2023-11-29,16:30,Cancelled,Wednesday,16,28,1564
2051,1932,381,2023-12-05,13:00,Delivered,Tuesday,13,45,872
2052,1850,329,2023-11-07,11:00,Delivered,Tuesday,11,34,1319
2053,1798,356,2023-09-23,13:15,Delivered,Saturday,13,26,1388
2054,2365,341,2023-10-08,20:45,Delivered,Sunday,20,20,1634
2055,2454,314,2023-05-02,22:00,Delivered,Tuesday,22,30,1027
2056,1414,370,2023-05-25,11:30,Delivered,Thursday,11,45,657
2057,1609,358,2023-04-18,22:00,Delivered,Tuesday,22,40,1611
2058,1049,317,2023-04-18,12:30,Delivered,Tuesday,12,56,1208
2059,2120,335,2023-01-21,22:00,Delivered,Saturday,22,24,1022
2060,2125,329,2023-11-25,17:00,Delivered,Saturday,17,27,284
2061,1833,375,2023-07-21,11:30,Delivered,Friday,11,36,1920
2062,1760,387,2023-07-21,11:30,Delivered,Friday,11,28,1296
2063,1146,357,2023-03-15,22:00,Cancelled,Wednesday,22,55,467
2064,1260,329,2023-03-15,12:15,Delivered,Wednesday,12,30,760
2065,2029,379,2023-03-05,12:00,Cancelled,Sunday,12,40,739
2066,1978,340,2023-05-10,12:45,Cancelled,Wednesday,12,27,666
2067,1325,328,2023-06-06,18:30,Delivered,Tuesday,18,53,1174
2068,2293,336,2023-03-26,14:30,Delivered,Sunday,14,25,995
2069,1697,343,2023-03-26,12:00,Delivered,Sunday,12,29,1295
2070,1860,357,2023-02-03,19:45,Delivered,Friday,19,31,764
2071,1795,349,2023-09-30,12:15,Delivered,Saturday,12,36,493
2072,1226,351,2023-01-27,21:15,Delivered,Friday,21,45,479
2073,1579,304,2023-12-23,20:15,Cancelled,Saturday,20,67,1831
2074,1632,346,2023-04-13,22:30,Cancelled,Thursday,22,40,756
2075,2193,323,2023-03-01,11:00,Delivered,Wednesday,11,48,889
2076,1284,342,2023-09-04,22:30,Delivered,Monday,22,21,1018
2077,1448,307,2023-02-12,21:30,Cancelled,Sunday,21,70,514
2078,2005,354,2023-12-01,10:30,Delivered,Friday,10,57,604
2079,1292,318,2023-01-28,18:30,Delivered,Saturday,18,65,517
2080,1816,371,2023-01-01,14:15,Delivered,Sunday,14,34,335
2081,1241,369,2023-04-22,16:15,Delivered,Saturday,16,21,1542
2082,1314,335,2023-05-17,22:30,Cancelled,Wednesday,22,33,837
2083,2274,392,2023-04-13,10:15,Delivered,Thursday,10,66,896
2084,1306,391,2023-07-27,12:00,Cancelled,Thursday,12,47,1516
2085,1676,373,2023-02-14,13:15,Delivered,Tuesday,13,69,506
2086,1575,383,2023-09-13,11:30,Cancelled,Wednesday,11,25,1010
2087,2125,353,2023-09-13,10:00,Delivered,Wednesday,10,62,1392
2088,1489,399,2023-05-17,20:15,Delivered,Wednesday,20,44,343
2089,2180,362,2023-05-17,15:45,Delivered,Wednesday,15,32,1042
2090,2325,303,2023-02-24,13:15,Cancelled,Friday,13,45,536
2091,2319,354,2023-03-17,11:30,Delivered,Friday,11,26,1482
2092,2159,348,2023-12-30,22:45,Delivered,Saturday,22,56,459
2093,1695,362,2023-08-13,20:15,Delivered,Sunday,20,68,1654
2094,1874,355,2023-05-16,13:45,Delivered,Tuesday,13,34,796
2095,1026,400,2023-01-16,14:00,Delivered,Monday,14,41,1500
2096,1845,342,2023-10-24,16:30,Cancelled,Tuesday,16,45,818
2097,2002,335,2023-06-20,20:15,Delivered,Tuesday,20,29,1397
2098,2284,318,2023-05-30,20:15,Delivered,Tuesday,20,39,1441
2099,2378,359,2023-06-28,17:00,Delivered,Wednesday,17,48,217
2100,2138,377,2023-11-28,17:00,Cancelled,Tuesday,17,32,757
2101,1188,302,2023-10-14,22:45,Delivered,Saturday,22,38,925
2102,1129,323,2023-05-11,22:30,Delivered,Thursday,22,47,265
2103,1442,382,2023-11-21,17:45,Cancelled,Tuesday,17,33,1763
2104,1912,306,2023-11-21,18:45,Delivered,Tuesday,18,43,836
2105,1301,331,2023-09-04,18:30,Delivered,Monday,18,44,1895
2106,1054,321,2023-07-06,22:45,Delivered,Thursday,22,30,1538
2107,1305,306,2023-09-11,18:00,Delivered,Monday,18,52,1443
2108,1117,387,2023-09-11,15:15,Delivered,Monday,15,59,1032
2109,1894,347,2023-11-30,14:15,Cancelled,Thursday,14,33,1165
2110,1528,316,2023-10-06,12:15,Delivered,Friday,12,39,205
2111,2129,327,2023-05-19,17:45,Delivered,Friday,17,31,630
2112,2397,347,2023-10-04,10:30,Delivered,Wednesday,10,58,539
2113,1073,355,2023-04-13,19:15,Delivered,Thursday,19,36,378
2114,2084,377,2023-09-22,13:00,Delivered,Friday,13,45,370
2115,1290,363,2023-09-22,20:45,Cancelled,Friday,20,21,454
2116,1439,314,2023-10-17,14:30,Delivered,Tuesday,14,55,689
2117,1818,334,2023-06-23,18:00,Cancelled,Friday,18,60,954
2118,1540,345,2023-06-23,12:45,Delivered,Friday,12,45,1830
2119,1339,313,2023-12-27,22:45,Delivered,Wednesday,22,32,649
2120,1269,352,2023-03-29,21:15,Cancelled,Wednesday,21,47,894
2121,1123,387,2023-01-15,16:45,Cancelled,Sunday,16,31,1271
2122,1134,373,2023-04-18,11:45,Delivered,Tuesday,11,57,410
2123,2121,330,2023-01-19,15:45,Delivered,Thursday,15,43,1306
2124,2033,395,2023-09-07,21:30,Delivered,Thursday,21,69,707
2125,1480,384,2023-05-12,13:45,Delivered,Friday,13,45,789
2126,2388,386,2023-04-03,19:15,Cancelled,Monday,19,66,669
2127,1792,361,2023-11-24,20:30,Delivered,Friday,20,40,387
2128,1298,309,2023-02-28,21:45,Delivered,Tuesday,21,53,1892
2129,1817,338,2023-02-28,18:15,Delivered,Tuesday,18,45,784
2130,1676,386,2023-05-28,14:00,Cancelled,Sunday,14,50,387
2131,2450,394,2023-08-13,19:00,Delivered,Sunday,19,45,922
2132,1806,342,2023-09-16,20:00,Delivered,Saturday,20,60,910
2133,1646,353,2023-02-21,12:45,Delivered,Tuesday,12,45,1993
2134,1821,304,2023-01-21,10:30,Delivered,Saturday,10,69,1336
2135,2406,316,2023-05-15,15:45,Cancelled,Monday,15,27,1965
2136,1364,305,2023-01-23,16:45,Delivered,Monday,16,56,1418
2137,2285,364,2023-04-14,11:00,Delivered,Friday,11,69,1187
2138,2295,322,2023-10-30,14:00,Cancelled,Monday,14,31,1450
2139,2237,303,2023-07-02,11:45,Cancelled,Sunday,11,29,1973
2140,1286,378,2023-06-08,15:00,Cancelled,Thursday,15,56,304
2141,2190,357,2023-06-08,10:45,Cancelled,Thursday,10,45,1385
2142,2077,316,2023-10-30,21:00,Delivered,Monday,21,50,1717
2143,1110,359,2023-07-06,14:45,Delivered,Thursday,14,51,1463
2144,2181,326,2023-11-07,22:00,Cancelled,Tuesday,22,53,581
2145,1489,334,2023-12-15,11:15,Delivered,Friday,11,35,884
2146,2495,349,2023-09-18,22:15,Cancelled,Monday,22,32,1221
2147,2448,398,2023-07-22,22:30,Delivered,Saturday,22,56,1849
2148,1445,339,2023-03-06,22:30,Delivered,Monday,22,26,810
2149,1851,319,2023-05-28,13:30,Cancelled,Sunday,13,48,1041
2150,2161,349,2023-05-28,13:15,Delivered,Sunday,13,56,1051
2151,2064,366,2023-05-15,11:30,Cancelled,Monday,11,31,551
2152,1340,365,2023-08-14,14:45,Delivered,Monday,14,50,1971
2153,1859,345,2023-01-19,18:30,Cancelled,Thursday,18,55,477
2154,1574,362,2023-02-21,21:00,Cancelled,Tuesday,21,67,493
2155,2220,362,2023-03-26,22:30,Delivered,Sunday,22,47,286
2156,2093,394,2023-04-12,10:45,Delivered,Wednesday,10,22,434
2157,1292,364,2023-05-06,21:00,Delivered,Saturday,21,54,559
2158,1204,342,2023-05-20,10:15,Delivered,Saturday,10,45,1071
2159,2039,347,2023-07-07,14:00,Cancelled,Friday,14,20,463
2160,2128,328,2023-12-10,17:45,Delivered,Sunday,17,62,525
2161,1876,303,2023-01-03,14:30,Delivered,Tuesday,14,30,938
2162,2186,398,2023-02-22,15:15,Delivered,Wednesday,15,63,945
2163,1942,396,2023-02-16,14:45,Delivered,Thursday,14,55,1194
2164,1871,372,2023-05-14,17:15,Cancelled,Sunday,17,46,1706
2165,1802,303,2023-08-17,16:00,Cancelled,Thursday,16,69,1832
2166,2028,325,2023-02-09,19:45,Delivered,Thursday,19,63,322
2167,1806,311,2023-11-04,16:45,Delivered,Saturday,16,45,727
2168,1488,400,2023-07-13,10:00,Delivered,Thursday,10,57,470
2169,2088,331,2023-12-05,17:00,Cancelled,Tuesday,17,34,1650
2170,1258,371,2023-04-25,20:30,Delivered,Tuesday,20,28,270
2171,2185,388,2023-09-19,12:45,Cancelled,Tuesday,12,69,606
2172,2432,374,2023-11-14,20:45,Delivered,Tuesday,20,62,232
2173,1168,332,2023-03-26,18:00,Delivered,Sunday,18,34,1676
2174,1413,329,2023-03-26,21:30,Delivered,Sunday,21,45,770
2175,1744,340,2023-12-28,20:00,Delivered,Thursday,20,55,727
2176,2001,399,2023-02-03,13:15,Delivered,Friday,13,45,880
2177,2090,378,2023-05-19,16:45,Delivered,Friday,16,41,1160
2178,1915,312,2023-08-26,22:15,Delivered,Saturday,22,34,1709
2179,1355,327,2023-08-26,20:15,Delivered,Saturday,20,51,1025
2180,2096,365,2023-02-03,11:45,Delivered,Friday,11,38,1222
2181,1169,332,2023-05-25,20:15,Delivered,Thursday,20,48,902
2182,1747,317,2023-05-17,20:15,Delivered,Wednesday,20,34,1665
2183,1484,367,2023-05-16,19:00,Delivered,Tuesday,19,23,1169
2184,1666,367,2023-07-13,19:00,Cancelled,Thursday,19,49,1492
2185,1227,366,2023-01-27,10:45,Cancelled,Friday,10,24,1389
2186,1963,316,2023-02-13,19:45,Cancelled,Monday,19,28,377
2187,2062,322,2023-12-13,14:15,Delivered,Wednesday,14,27,218
2188,1658,368,2023-12-13,12:15,Delivered,Wednesday,12,37,1738
2189,1090,345,2023-11-30,19:30,Delivered,Thursday,19,22,231
2190,1569,311,2023-03-02,22:15,Cancelled,Thursday,22,68,545
2191,2214,331,2023-11-23,20:30,Cancelled,Thursday,20,37,1116
2192,2294,331,2023-11-23,12:15,Delivered,Thursday,12,64,1980
2193,2098,304,2023-06-26,14:00,Delivered,Monday,14,37,1585
2194,2229,327,2023-01-16,17:00,Delivered,Monday,17,50,333
2195,1636,382,2023-04-14,10:00,Cancelled,Friday,10,60,1775
2196,1166,342,2023-09-03,10:00,Delivered,Sunday,10,55,744
2197,2345,376,2023-07-22,12:45,Delivered,Saturday,12,45,741
2198,1063,356,2023-09-24,12:45,Cancelled,Sunday,12,59,247
2199,1234,389,2023-10-15,10:00,Delivered,Sunday,10,58,1188
2200,1346,321,2023-04-29,22:30,Delivered,Saturday,22,54,1547
2201,1218,400,2023-11-21,20:15,Delivered,Tuesday,20,25,1565
2202,1942,383,2023-03-05,20:30,Cancelled,Sunday,20,61,1005
2203,2076,304,2023-07-14,12:45,Delivered,Friday,12,65,912
2204,1230,380,2023-06-21,11:15,Cancelled,Wednesday,11,64,1317
2205,1240,322,2023-05-13,20:15,Delivered,Saturday,20,54,484
2206,2172,377,2023-06-07,21:00,Delivered,Wednesday,21,66,936
2207,2107,368,2023-10-25,21:00,Cancelled,Wednesday,21,64,489
2208,1132,378,2023-07-05,10:15,Delivered,Wednesday,10,33,967
2209,2250,346,2023-03-14,18:00,Cancelled,Tuesday,18,49,401
2210,1372,316,2023-04-20,19:45,Delivered,Thursday,19,45,1978
2211,1085,365,2023-01-05,16:00,Delivered,Thursday,16,47,820
2212,1473,307,2023-06-29,12:15,Delivered,Thursday,12,56,418
2213,2328,378,2023-06-23,10:00,Cancelled,Friday,10,50,908
2214,2097,316,2023-04-18,21:15,Delivered,Tuesday,21,22,1453
2215,2289,365,2023-08-24,15:15,Cancelled,Thursday,15,32,999
2216,2284,304,2023-08-06,15:30,Delivered,Sunday,15,56,1070
2217,1125,318,2023-10-12,11:15,Delivered,Thursday,11,33,1962
2218,2307,398,2023-05-28,21:30,Delivered,Sunday,21,53,832
2219,1903,334,2023-02-17,20:45,Delivered,Friday,20,45,935
2220,1270,378,2023-03-21,11:30,Delivered,Tuesday,11,47,1717
2221,2143,302,2023-03-06,11:00,Cancelled,Monday,11,28,1809
2222,1693,378,2023-12-11,13:15,Delivered,Monday,13,26,1182
2223,2188,345,2023-07-11,10:45,Delivered,Tuesday,10,62,1711
2224,1378,330,2023-07-11,21:30,Delivered,Tuesday,21,30,823
2225,1178,386,2023-07-17,18:30,Cancelled,Monday,18,64,1241
2226,2409,349,2023-03-17,18:30,Delivered,Friday,18,50,1098
2227,1949,331,2023-01-24,17:15,Delivered,Tuesday,17,60,781
2228,2266,301,2023-08-07,22:15,Delivered,Monday,22,58,301
2229,1135,316,2023-04-18,13:15,Delivered,Tuesday,13,45,770
2230,2071,371,2023-11-05,12:30,Delivered,Sunday,12,55,1395
2231,2291,305,2023-11-29,15:30,Delivered,Wednesday,15,25,912
2232,2187,308,2023-08-24,14:45,Cancelled,Thursday,14,45,1561
2233,1211,328,2023-10-08,17:15,Delivered,Sunday,17,49,374
2234,2225,312,2023-03-16,10:15,Cancelled,Thursday,10,52,1717
2235,2116,353,2023-05-30,19:30,Delivered,Tuesday,19,69,469
2236,1950,334,2023-03-29,16:45,Delivered,Wednesday,16,50,1338
2237,1591,328,2023-08-17,18:30,Delivered,Thursday,18,31,240
2238,2499,333,2023-09-03,18:45,Delivered,Sunday,18,45,603
2239,1166,330,2023-01-03,15:30,Delivered,Tuesday,15,22,790
2240,1939,391,2023-01-05,15:00,Delivered,Thursday,15,42,1377
2241,1810,356,2023-12-14,17:00,Delivered,Thursday,17,66,1071
2242,1805,384,2023-05-06,14:15,Cancelled,Saturday,14,69,1214
2243,1084,326,2023-05-22,17:15,Cancelled,Monday,17,23,1416
2244,2368,364,2023-03-23,13:15,Cancelled,Thursday,13,61,1249
2245,1051,357,2023-03-23,18:30,Cancelled,Thursday,18,26,1272
2246,2391,382,2023-09-07,20:00,Delivered,Thursday,20,22,1334
2247,1775,326,2023-06-04,22:30,Delivered,Sunday,22,38,665
2248,2453,374,2023-04-02,13:15,Delivered,Sunday,13,35,494
2249,1147,310,2023-04-24,16:30,Delivered,Monday,16,26,1055
2250,2060,384,2023-03-05,12:30,Delivered,Sunday,12,52,211
2251,1713,351,2023-04-29,19:45,Delivered,Saturday,19,39,1636
2252,1362,387,2023-04-29,17:30,Delivered,Saturday,17,33,1317
2253,1503,306,2023-07-20,18:45,Cancelled,Thursday,18,45,1593
2254,1289,337,2023-12-08,18:00,Delivered,Friday,18,58,350
2255,1363,372,2023-12-28,20:45,Delivered,Thursday,20,36,1898
2256,1029,353,2023-11-27,13:45,Delivered,Monday,13,33,882
2257,2088,318,2023-04-30,10:45,Delivered,Sunday,10,64,432
2258,2148,371,2023-10-22,17:45,Cancelled,Sunday,17,25,1062
2259,1493,325,2023-05-26,13:15,Delivered,Friday,13,31,833
2260,1540,385,2023-02-18,17:15,Cancelled,Saturday,17,20,1134
2261,2278,361,2023-08-01,21:15,Delivered,Tuesday,21,50,520
2262,2334,347,2023-12-10,11:15,Cancelled,Sunday,11,35,1013
2263,2477,310,2023-06-08,15:15,Delivered,Thursday,15,43,470
2264,1036,307,2023-06-14,15:45,Delivered,Wednesday,15,47,258
2265,1446,372,2023-01-19,18:00,Cancelled,Thursday,18,43,1361
2266,1599,352,2023-01-19,11:00,Delivered,Thursday,11,45,1666
2267,2263,317,2023-09-21,16:30,Cancelled,Thursday,16,56,886
2268,1972,390,2023-06-13,20:00,Delivered,Tuesday,20,20,1493
2269,2015,304,2023-01-17,13:45,Delivered,Tuesday,13,57,732
2270,1433,365,2023-06-14,11:30,Delivered,Wednesday,11,45,1565
2271,2151,342,2023-12-11,22:45,Cancelled,Monday,22,31,1716
2272,1044,316,2023-08-12,16:15,Delivered,Saturday,16,21,1050
2273,1145,329,2023-09-29,11:30,Delivered,Friday,11,45,1391
2274,1349,324,2023-03-14,12:00,Cancelled,Tuesday,12,59,1758
2275,1653,331,2023-09-16,13:00,Cancelled,Saturday,13,28,533
2276,1817,334,2023-05-12,11:45,Cancelled,Friday,11,47,475
2277,1119,369,2023-01-26,17:00,Cancelled,Thursday,17,59,1897
2278,2138,313,2023-01-26,15:30,Delivered,Thursday,15,51,875
2279,1135,367,2023-01-03,17:15,Cancelled,Tuesday,17,44,213
2280,2171,314,2023-02-12,15:00,Delivered,Sunday,15,65,1020
2281,1301,340,2023-08-10,15:45,Delivered,Thursday,15,70,854
2282,1045,310,2023-06-02,11:30,Cancelled,Friday,11,31,1729
2283,1201,378,2023-08-13,14:30,Delivered,Sunday,14,33,1728
2284,1797,379,2023-10-17,14:30,Cancelled,Tuesday,14,25,256
2285,2304,378,2023-05-13,19:00,Cancelled,Saturday,19,45,279
2286,1491,357,2023-07-16,19:00,Delivered,Sunday,19,70,683
2287,1186,311,2023-04-07,22:00,Delivered,Friday,22,30,908
2288,2250,333,2023-08-18,20:00,Cancelled,Friday,20,25,1273
2289,1664,395,2023-06-11,18:00,Cancelled,Sunday,18,31,1612
2290,2265,331,2023-02-06,10:15,Delivered,Monday,10,53,1840
2291,1546,393,2023-05-05,11:30,Delivered,Friday,11,45,1571
2292,1373,338,2023-09-25,10:45,Cancelled,Monday,10,70,328
2293,1844,388,2023-02-12,21:45,Delivered,Sunday,21,22,1032
2294,2064,341,2023-01-23,13:00,Cancelled,Monday,13,52,1616
2295,1910,307,2023-08-27,12:30,Delivered,Sunday,12,21,1842
2296,1427,306,2023-08-27,12:00,Cancelled,Sunday,12,54,1036
2297,2061,336,2023-01-13,16:00,Delivered,Friday,16,27,1307
2298,2055,322,2023-01-13,22:15,Cancelled,Friday,22,70,1263
2299,1513,336,2023-05-27,13:30,Delivered,Saturday,13,45,1203
2300,2443,315,2023-05-27,13:00,Delivered,Saturday,13,51,268
2301,2496,372,2023-02-06,10:30,Delivered,Monday,10,23,867
2302,1006,350,2023-12-18,16:45,Delivered,Monday,16,44,965
2303,1245,328,2023-09-09,14:00,Cancelled,Saturday,14,46,652
2304,1275,327,2023-09-09,18:15,Cancelled,Saturday,18,21,1174
2305,1969,323,2023-11-12,10:30,Cancelled,Sunday,10,54,648
2306,1608,321,2023-03-30,13:30,Cancelled,Thursday,13,45,1282
2307,2108,309,2023-02-23,20:00,Cancelled,Thursday,20,45,1617
2308,1370,312,2023-05-23,20:45,Cancelled,Tuesday,20,41,605
2309,2149,319,2023-08-20,21:45,Delivered,Sunday,21,33,1277
2310,1157,399,2023-08-20,18:45,Cancelled,Sunday,18,60,266
2311,1345,386,2023-02-24,19:15,Delivered,Friday,19,33,338
2312,2163,314,2023-05-11,20:45,Delivered,Thursday,20,40,583
2313,1322,393,2023-07-06,12:00,Cancelled,Thursday,12,45,1509
2314,1923,309,2023-04-02,10:30,Delivered,Sunday,10,65,1595
2315,1015,301,2023-08-23,10:45,Delivered,Wednesday,10,48,1141
2316,1633,338,2023-01-09,21:30,Delivered,Monday,21,22,1641
2317,1396,307,2023-01-09,20:45,Delivered,Monday,20,65,1740
2318,1197,303,2023-10-14,17:45,Delivered,Saturday,17,30,682
2319,2435,388,2023-06-23,12:00,Delivered,Friday,12,46,1974
2320,1769,322,2023-06-23,20:15,Delivered,Friday,20,44,1094
2321,1544,329,2023-01-01,17:00,Cancelled,Sunday,17,43,387
2322,1591,341,2023-02-25,13:30,Delivered,Saturday,13,31,875
2323,1136,306,2023-05-13,15:00,Cancelled,Saturday,15,33,1499
2324,1008,389,2023-08-15,15:15,Cancelled,Tuesday,15,35,1222
2325,2459,353,2023-03-24,11:45,Delivered,Friday,11,52,1628
2326,2494,313,2023-03-01,12:00,Cancelled,Wednesday,12,53,1294
2327,1377,388,2023-09-15,20:00,Delivered,Friday,20,52,294
2328,2470,338,2023-08-15,13:15,Cancelled,Tuesday,13,56,1224
2329,2377,394,2023-09-19,20:00,Delivered,Tuesday,20,45,1158
2330,1422,322,2023-02-19,14:15,Delivered,Sunday,14,59,1539
2331,2462,344,2023-07-31,16:45,Cancelled,Monday,16,35,718
2332,1380,400,2023-07-06,21:15,Cancelled,Thursday,21,38,462
2333,1287,383,2023-01-03,14:00,Delivered,Tuesday,14,32,249
2334,1347,343,2023-08-23,22:30,Delivered,Wednesday,22,33,805
2335,1997,370,2023-03-17,15:15,Delivered,Friday,15,39,1530
2336,1138,301,2023-03-31,21:45,Cancelled,Friday,21,27,1327
2337,1944,368,2023-12-01,16:30,Delivered,Friday,16,60,1051
2338,2477,331,2023-06-08,16:15,Cancelled,Thursday,16,56,263
2339,1227,325,2023-06-08,20:00,Delivered,Thursday,20,40,970
2340,2489,375,2023-06-22,20:00,Cancelled,Thursday,20,41,322
2341,1740,354,2023-07-06,14:30,Cancelled,Thursday,14,45,832
2342,1487,400,2023-11-29,21:30,Cancelled,Wednesday,21,47,649
2343,1948,395,2023-01-21,21:45,Cancelled,Saturday,21,44,545
2344,2332,339,2023-02-14,11:00,Delivered,Tuesday,11,67,1560
2345,2185,321,2023-12-23,22:00,Delivered,Saturday,22,56,891
2346,1377,302,2023-01-31,16:00,Delivered,Tuesday,16,62,1596
2347,1812,361,2023-07-15,20:45,Cancelled,Saturday,20,56,859
2348,1823,380,2023-09-01,19:45,Delivered,Friday,19,28,693
2349,1124,366,2023-04-10,20:30,Delivered,Monday,20,24,1306
2350,1694,334,2023-12-11,17:30,Delivered,Monday,17,45,1239
2351,2060,326,2023-04-05,12:00,Cancelled,Wednesday,12,65,256
2352,1279,389,2023-02-08,19:45,Delivered,Wednesday,19,28,679
2353,1035,384,2023-10-12,19:00,Delivered,Thursday,19,54,1602
2354,2335,329,2023-05-06,16:15,Cancelled,Saturday,16,45,1486
2355,1691,380,2023-03-18,14:30,Delivered,Saturday,14,66,743
2356,2446,383,2023-07-25,11:15,Delivered,Tuesday,11,32,1613
2357,1783,315,2023-05-27,21:00,Delivered,Saturday,21,47,1205
2358,1422,330,2023-05-27,22:00,Cancelled,Saturday,22,23,1048
2359,1320,365,2023-01-03,22:45,Delivered,Tuesday,22,58,337
2360,2458,305,2023-01-03,15:00,Delivered,Tuesday,15,55,1981
2361,1900,359,2023-11-20,13:00,Delivered,2023-11-2023,13,45,1904
2362,2233,310,2023-11-11,17:00,Cancelled,Saturday,17,46,1533
2363,2119,345,2023-11-22,18:00,Cancelled,Wednesday,18,31,558
2364,1611,390,2023-12-18,14:15,Cancelled,Monday,14,23,1225
2365,2081,301,2023-12-18,12:45,Delivered,Monday,12,50,557
2366,1957,333,2023-06-15,16:15,Delivered,Thursday,16,54,1973
2367,1991,322,2023-02-10,20:30,Delivered,Friday,20,45,1368
2368,2054,363,2023-07-12,16:00,Delivered,Wednesday,16,37,1492
2369,1142,386,2023-03-30,18:30,Delivered,Thursday,18,28,435
2370,2040,367,2023-08-17,22:30,Delivered,Thursday,22,54,1243
2371,1959,380,2023-08-06,20:30,Delivered,Sunday,20,48,1527
2372,1574,388,2023-02-21,15:00,Cancelled,Tuesday,15,56,1941
2373,1271,379,2023-06-15,16:45,Cancelled,Thursday,16,53,949
2374,1828,377,2023-02-28,12:15,Cancelled,Tuesday,12,35,859
2375,2332,381,2023-05-05,20:30,Delivered,Friday,20,36,1922
2376,1002,386,2023-04-16,20:00,Delivered,Sunday,20,33,1136
2377,2239,311,2023-11-09,11:30,Cancelled,Thursday,11,67,478
2378,2409,333,2023-05-29,19:45,Delivered,Monday,19,38,1010
2379,1961,348,2023-06-15,18:45,Cancelled,Thursday,18,51,1010
2380,1772,346,2023-03-02,18:00,Delivered,Thursday,18,65,1155
2381,2406,318,2023-06-15,20:30,Cancelled,Thursday,20,61,1009
2382,1468,301,2023-11-10,20:15,Delivered,Friday,20,40,1460
2383,1873,322,2023-07-03,17:15,Cancelled,Monday,17,45,845
2384,1417,305,2023-04-03,19:00,Delivered,Monday,19,69,1512
2385,2139,362,2023-10-07,12:00,Delivered,Saturday,12,38,1649
2386,1856,302,2023-02-28,12:45,Delivered,Tuesday,12,41,479
2387,1907,320,2023-01-30,13:00,Delivered,Monday,13,26,1038
2388,1839,318,2023-09-12,12:15,Delivered,Tuesday,12,68,1920
2389,1517,373,2023-11-14,15:45,Cancelled,Tuesday,15,46,1352
2390,1430,366,2023-03-21,17:15,Cancelled,Tuesday,17,67,459
2391,1084,349,2023-05-01,19:45,Delivered,Monday,19,56,1583
2392,1214,385,2023-06-26,20:45,Delivered,Monday,20,62,734
2393,1779,389,2023-09-02,17:45,Delivered,Saturday,17,30,912
2394,2138,303,2023-01-24,14:15,Delivered,Tuesday,14,24,1005
2395,1131,335,2023-10-23,13:45,Delivered,Monday,13,47,1360
2396,2442,356,2023-12-16,11:15,Delivered,Saturday,11,22,1049
2397,1599,328,2023-09-16,17:15,Delivered,Saturday,17,56,1140
2398,2059,358,2023-06-22,20:15,Delivered,Thursday,20,20,1834
2399,1242,352,2023-01-29,13:30,Delivered,Sunday,13,61,1799
2400,1897,368,2023-01-04,12:00,Cancelled,Wednesday,12,42,1839
2401,1365,367,2023-11-20,16:30,Delivered,Monday,16,70,514
2402,2267,304,2023-07-16,21:30,Delivered,Sunday,21,64,360
2403,1519,358,2023-09-12,21:30,Delivered,Tuesday,21,30,1103
2404,1473,352,2023-12-26,22:30,Cancelled,Tuesday,22,50,860
2405,1656,371,2023-09-28,15:00,Delivered,Thursday,15,41,812
2406,2149,328,2023-09-04,20:45,Cancelled,Monday,20,39,1000
2407,2110,393,2023-11-27,16:45,Delivered,Monday,16,45,1503
2408,1907,400,2023-08-11,14:30,Delivered,Friday,14,62,1019
2409,2107,361,2023-09-12,10:15,Delivered,Tuesday,10,36,1074
2410,2298,330,2023-01-08,21:15,Delivered,Sunday,21,48,522
2411,2024,391,2023-03-13,11:15,Delivered,Monday,11,33,1353
2412,1570,302,2023-06-19,21:30,Cancelled,Monday,21,33,1907
2413,1297,345,2023-06-21,22:30,Cancelled,Wednesday,22,26,848
2414,1161,379,2023-07-07,21:15,Delivered,Friday,21,30,1292
2415,2048,387,2023-10-31,19:15,Cancelled,Tuesday,19,29,1611
2416,1751,375,2023-02-09,13:00,Delivered,Thursday,13,51,1561
2417,1309,349,2023-05-07,21:15,Cancelled,Sunday,21,44,1845
2418,1464,342,2023-07-16,20:15,Cancelled,Sunday,20,47,1146
2419,2307,386,2023-07-04,11:00,Cancelled,Tuesday,11,50,415
2420,1852,389,2023-06-09,16:45,Cancelled,Friday,16,32,717
2421,1649,326,2023-05-13,19:45,Cancelled,Saturday,19,45,741
2422,1164,333,2023-04-17,17:00,Delivered,Monday,17,45,1796
2423,1924,397,2023-11-23,13:15,Cancelled,Thursday,13,50,1624
2424,1788,309,2023-10-05,19:30,Delivered,Thursday,19,29,1434
2425,1646,361,2023-09-12,20:15,Delivered,Tuesday,20,20,1192
2426,1479,399,2023-07-26,16:30,Delivered,Wednesday,16,60,1086
2427,1243,381,2023-05-03,14:45,Cancelled,Wednesday,14,46,1746
2428,1138,372,2023-09-12,13:30,Delivered,Tuesday,13,49,1066
2429,1092,344,2023-02-24,19:00,Delivered,Friday,19,51,1498
2430,1961,386,2023-03-14,18:45,Delivered,Tuesday,18,66,1748
2431,2136,397,2023-09-12,13:45,Delivered,Tuesday,13,63,378
2432,1535,392,2023-04-27,16:00,Cancelled,Thursday,16,36,1335
2433,2473,359,2023-04-07,12:30,Cancelled,Friday,12,37,1297
2434,1087,305,2023-09-21,15:15,Delivered,Thursday,15,40,1948
2435,2317,330,2023-08-08,10:30,Delivered,Tuesday,10,54,540
2436,1966,301,2023-11-01,20:45,Delivered,Wednesday,20,39,1580
2437,2289,302,2023-06-07,18:30,Delivered,Wednesday,18,45,1254
2438,1545,399,2023-01-02,21:15,Delivered,Monday,21,53,1590
2439,1289,333,2023-08-21,18:15,Delivered,Monday,18,65,667
2440,2421,399,2023-09-01,17:30,Delivered,Friday,17,62,1945
2441,1423,364,2023-06-17,21:15,Delivered,Saturday,21,21,1969
2442,1609,316,2023-05-02,18:30,Delivered,Tuesday,18,56,1709
2443,2486,391,2023-06-08,19:45,Delivered,Thursday,19,57,1560
2444,1040,369,2023-08-02,15:15,Cancelled,Wednesday,15,34,539
2445,2370,303,2023-01-16,20:15,Cancelled,Monday,20,46,1873
2446,1498,301,2023-08-16,19:15,Delivered,Wednesday,19,69,1663
2447,1160,301,2023-04-14,16:45,Delivered,Friday,16,33,1593
2448,1498,315,2023-09-10,19:00,Delivered,Sunday,19,20,619
2449,1566,380,2023-08-16,15:00,Delivered,Wednesday,15,22,1705
2450,1624,385,2023-08-16,17:15,Cancelled,Wednesday,17,55,865
2451,1739,398,2023-09-30,17:00,Delivered,Saturday,17,36,1181
2452,1124,398,2023-06-09,20:00,Delivered,Friday,20,58,859
2453,1934,385,2023-10-16,14:45,Delivered,Monday,14,22,1091
2454,1078,334,2023-12-16,21:30,Delivered,Saturday,21,51,1700
2455,1788,389,2023-05-26,11:15,Cancelled,Friday,11,32,307
2456,2268,328,2023-04-05,12:45,Delivered,Wednesday,12,45,227
2457,1499,392,2023-08-16,19:45,Delivered,Wednesday,19,32,1776
2458,2479,301,2023-08-16,12:45,Cancelled,Wednesday,12,54,1217
2459,2464,388,2023-10-30,20:15,Cancelled,Monday,20,38,1707
2460,1598,388,2023-01-27,12:30,Delivered,Friday,12,63,320
2461,2206,395,2023-08-30,22:30,Delivered,Wednesday,22,34,218
2462,1639,325,2023-08-16,13:00,Delivered,Wednesday,13,34,1653
2463,1952,351,2023-07-18,19:30,Delivered,Tuesday,19,30,728
2464,1502,316,2023-02-06,11:00,Delivered,Monday,11,45,1168
2465,1051,301,2023-02-06,21:30,Cancelled,Monday,21,45,1370
2466,2250,345,2023-02-06,18:30,Delivered,Monday,18,44,259
2467,1987,373,2023-06-14,10:00,Cancelled,Wednesday,10,40,1698
2468,1224,369,2023-02-01,19:00,Cancelled,Wednesday,19,33,230
2469,1378,375,2023-11-18,20:30,Delivered,Saturday,20,29,1518
2470,1068,313,2023-03-07,21:00,Delivered,Tuesday,21,56,1148
2471,1819,312,2023-02-13,15:00,Cancelled,Monday,15,35,1751
2472,1398,355,2023-04-04,17:00,Cancelled,Tuesday,17,35,508
2473,1313,351,2023-10-22,13:30,Cancelled,Sunday,13,37,475
2474,2105,329,2023-04-11,12:15,Delivered,Tuesday,12,68,1069
2475,1589,341,2023-04-16,21:45,Delivered,Sunday,21,58,1531
2476,1623,388,2023-02-06,13:45,Cancelled,Monday,13,63,1083
2477,1233,338,2023-10-27,22:45,Cancelled,Friday,22,54,219
2478,2198,366,2023-03-15,11:45,Cancelled,Wednesday,11,41,1126
2479,2490,381,2023-01-09,12:45,Cancelled,Monday,12,45,1802
2480,1358,321,2023-05-21,22:15,Cancelled,Sunday,22,37,968
2481,2216,399,2023-05-04,22:00,Delivered,Thursday,22,54,681
2482,2165,339,2023-02-02,14:15,Delivered,Thursday,14,45,1394
2483,2353,394,2023-06-22,10:15,Delivered,Thursday,10,51,1822
2484,1676,389,2023-08-09,22:45,Delivered,Wednesday,22,32,1876
2485,2063,392,2023-05-20,19:00,Delivered,Saturday,19,55,373
2486,1715,346,2023-07-30,15:15,Cancelled,Sunday,15,55,1166
2487,1415,365,2023-12-01,15:00,Delivered,Friday,15,68,1715
2488,2126,363,2023-11-06,12:00,Cancelled,Monday,12,36,1765
2489,2474,324,2023-12-13,19:30,Delivered,Wednesday,19,35,1835
2490,2090,386,2023-06-28,13:45,Cancelled,Wednesday,13,56,765
2491,1673,326,2023-11-28,18:15,Delivered,Tuesday,18,66,226
2492,1960,398,2023-06-26,18:45,Cancelled,Monday,18,57,1716
2493,2482,358,2023-06-18,18:00,Delivered,Sunday,18,38,1474
2494,2011,350,2023-01-27,21:45,Cancelled,Friday,21,37,623
2495,2019,334,2023-04-15,12:15,Cancelled,Saturday,12,27,479
2496,1844,311,2023-02-06,15:30,Delivered,Monday,15,47,1144
2497,2057,328,2023-02-06,19:15,Delivered,Monday,19,45,837
2498,2412,338,2023-03-25,14:30,Delivered,Saturday,14,37,828
2499,2119,374,2023-03-02,18:30,Delivered,Thursday,18,22,1223
2500,2395,353,2023-08-20,17:15,Cancelled,Sunday,17,50,329
2501,1150,344,2023-09-15,18:15,Cancelled,Friday,18,50,1326
2502,2471,353,2023-07-16,13:45,Delivered,Sunday,13,56,1776
2503,2176,399,2023-11-20,19:15,Cancelled,Monday,19,23,247
2504,2039,314,2023-08-14,20:15,Cancelled,Monday,20,28,929
2505,2361,367,2023-08-03,18:45,Delivered,Thursday,18,37,769
2506,1556,366,2023-12-15,19:45,Delivered,Friday,19,28,1769
2507,1843,331,2023-01-02,20:30,Cancelled,Monday,20,45,1870
2508,1803,338,2023-10-24,18:30,Cancelled,Tuesday,18,35,1867
2509,2304,361,2023-12-08,16:00,Delivered,Friday,16,67,393
2510,1541,362,2023-04-15,14:00,Delivered,Saturday,14,55,1118
2511,1905,373,2023-08-05,21:45,Delivered,Saturday,21,23,1871
2512,1256,331,2023-04-22,19:00,Delivered,Saturday,19,41,594
2513,1566,309,2023-11-09,13:45,Cancelled,Thursday,13,38,752
2514,1618,353,2023-03-31,13:00,Delivered,Friday,13,42,1630
2515,2259,329,2023-10-16,11:45,Cancelled,Monday,11,20,289
2516,2478,361,2023-09-06,21:30,Delivered,Wednesday,21,35,1500
2517,1056,363,2023-07-27,18:15,Cancelled,Thursday,18,58,563
2518,2306,387,2023-02-06,21:00,Delivered,Monday,21,66,806
2519,2432,316,2023-07-02,16:30,Delivered,Sunday,16,60,1248
2520,1863,350,2023-02-22,19:45,Cancelled,Wednesday,19,56,1490
2521,1021,338,2023-11-08,20:15,Cancelled,Wednesday,20,45,445
2522,1340,323,2023-05-14,22:45,Cancelled,Sunday,22,45,1994
2523,2133,313,2023-03-22,19:45,Delivered,Wednesday,19,43,737
2524,2272,355,2023-04-12,18:15,Cancelled,Wednesday,18,30,942
2525,1193,353,2023-02-06,15:00,Cancelled,Monday,15,43,1669
2526,1492,372,2023-09-01,17:15,Delivered,Friday,17,55,439
2527,1920,381,2023-06-11,16:00,Cancelled,Sunday,16,45,1263
2528,2427,327,2023-03-24,12:45,Delivered,Friday,12,51,229
2529,1030,349,2023-06-04,20:30,Cancelled,Sunday,20,57,1663
2530,1221,388,2023-06-18,17:15,Delivered,Sunday,17,65,1590
2531,1658,315,2023-01-21,11:45,Delivered,Saturday,11,67,1676
2532,1152,340,2023-02-06,19:30,Delivered,Monday,19,39,1690
2533,1886,336,2023-03-29,10:30,Cancelled,Wednesday,10,33,1209
2534,1862,375,2023-08-17,14:30,Delivered,Thursday,14,56,1901
2535,1158,375,2023-09-24,22:00,Cancelled,Sunday,22,51,1784
2536,1485,329,2023-04-11,12:30,Delivered,Tuesday,12,48,1341
2537,2147,350,2023-04-30,10:30,Cancelled,Sunday,10,34,349
2538,2035,337,2023-11-27,18:45,Delivered,Monday,18,26,1511
2539,1832,393,2023-09-19,21:45,Cancelled,Tuesday,21,63,289
2540,2342,397,2023-12-01,14:15,Delivered,Friday,14,46,1799
2541,2469,312,2023-01-08,19:30,Delivered,Sunday,19,23,535
2542,1805,308,2023-07-30,14:00,Delivered,Sunday,14,37,1629
2543,1764,317,2023-03-23,14:15,Cancelled,Thursday,14,60,1925
2544,2031,305,2023-10-23,17:30,Delivered,Monday,17,55,1255
2545,2030,400,2023-03-16,18:30,Delivered,Thursday,18,23,1345
2546,1831,370,2023-11-06,14:15,Cancelled,Monday,14,21,857
2547,1259,306,2023-04-30,22:45,Cancelled,Sunday,22,67,780
2548,1453,353,2023-02-11,22:00,Cancelled,Saturday,22,36,934
2549,1699,308,2023-11-21,19:45,Cancelled,Tuesday,19,32,1331
2550,2302,394,2023-08-02,16:45,Delivered,Wednesday,16,31,267
2551,2383,302,2023-02-16,20:00,Cancelled,Thursday,20,63,1371
2552,1214,338,2023-06-19,17:15,Cancelled,Monday,17,64,1279
2553,1462,311,2023-01-03,17:15,Delivered,Tuesday,17,40,1163
2554,1987,355,2023-08-26,11:00,Cancelled,Saturday,11,40,254
2555,2076,384,2023-02-06,17:30,Delivered,Monday,17,24,1143
2556,2328,353,2023-05-04,18:00,Cancelled,Thursday,18,26,1283
2557,2471,303,2023-05-23,22:45,Cancelled,Tuesday,22,64,1719
2558,2488,349,2023-06-05,17:15,Cancelled,Monday,17,70,383
2559,1924,342,2023-11-17,13:15,Delivered,Friday,13,62,1285
2560,1183,324,2023-02-06,13:30,Cancelled,Monday,13,29,1409
2561,2107,312,2023-03-10,18:15,Cancelled,Friday,18,39,1898
2562,2320,354,2023-11-19,15:45,Delivered,Sunday,15,54,1850
2563,1278,385,2023-08-08,14:30,Delivered,Tuesday,14,45,384
2564,1155,301,2023-01-27,13:30,Cancelled,Friday,13,45,1280
2565,1903,361,2023-02-21,16:00,Delivered,Tuesday,16,26,388
2566,1048,327,2023-10-27,10:30,Cancelled,Friday,10,35,510
2567,2463,379,2023-11-07,17:30,Delivered,Tuesday,17,39,1065
2568,1935,327,2023-07-16,19:15,Cancelled,Sunday,19,30,1664
2569,1338,325,2023-01-10,12:00,Cancelled,Tuesday,12,48,544
2570,2021,302,2023-09-14,13:15,Delivered,Thursday,13,33,1734
2571,1294,369,2023-11-12,12:15,Cancelled,Sunday,12,58,1156
2572,1448,311,2023-02-06,11:30,Delivered,Monday,11,53,260
2573,1146,305,2023-01-07,10:30,Cancelled,Saturday,10,64,479
2574,1427,361,2023-10-02,10:00,Delivered,Monday,10,49,438
2575,1789,385,2023-08-02,12:30,Cancelled,Wednesday,12,70,1447
2576,1715,367,2023-02-06,21:00,Cancelled,Monday,21,67,701
2577,1113,345,2023-01-21,16:30,Delivered,Saturday,16,38,1563
2578,2122,385,2023-02-06,10:45,Cancelled,Monday,10,60,1135
2579,2274,357,2023-05-14,22:15,Delivered,Sunday,22,70,1663
2580,1441,348,2023-07-30,12:30,Delivered,Sunday,12,23,1922
2581,1789,390,2023-11-06,21:45,Cancelled,Monday,21,45,1460
2582,2367,362,2023-05-17,10:45,Delivered,Wednesday,10,57,1723
2583,2081,369,2023-09-13,22:15,Delivered,Wednesday,22,45,515
2584,1621,323,2023-05-31,14:45,Cancelled,Wednesday,14,21,1733
2585,2073,368,2023-02-15,19:45,Cancelled,Wednesday,19,24,1933
2586,1570,392,2023-01-16,13:00,Delivered,Monday,13,66,1350
2587,1929,308,2023-02-21,10:00,Delivered,Tuesday,10,34,1675
2588,2075,377,2023-12-02,19:30,Cancelled,Saturday,19,39,372
2589,1089,356,2023-01-14,10:45,Delivered,Saturday,10,61,1142
2590,1313,351,2023-01-09,17:45,Delivered,Monday,17,56,1269
2591,1021,316,2023-09-10,14:00,Delivered,Sunday,14,64,914
2592,1044,364,2023-02-24,11:15,Delivered,Friday,11,24,1989
2593,2059,344,2023-02-06,14:30,Delivered,Monday,14,50,223
2594,1598,385,2023-11-17,14:00,Delivered,Friday,14,63,374
2595,1933,382,2023-01-09,18:15,Delivered,Monday,18,32,1730
2596,1396,336,2023-07-16,20:45,Delivered,Sunday,20,25,709
2597,2440,301,2023-02-25,11:00,Cancelled,Saturday,11,32,592
2598,2311,378,2023-08-08,12:00,Delivered,Tuesday,12,58,644
2599,1602,352,2023-11-16,15:15,Delivered,Thursday,15,45,1952
2600,1365,393,2023-06-18,19:00,Delivered,Sunday,19,65,1477
2601,1445,308,2023-06-06,15:00,Delivered,Tuesday,15,23,1172
2602,1800,376,2023-12-08,19:00,Cancelled,Friday,19,53,970
2603,1665,329,2023-09-11,12:45,Delivered,Monday,12,33,1576
2604,2342,350,2023-10-26,17:30,Delivered,Thursday,17,66,785
2605,1737,357,2023-08-29,19:30,Cancelled,Tuesday,19,64,1924
2606,1719,333,2023-06-18,21:45,Delivered,Sunday,21,24,1303
2607,1353,306,2023-08-15,19:45,Delivered,Tuesday,19,45,1032
2608,1819,340,2023-03-31,15:45,Cancelled,Friday,15,52,421
2609,2184,352,2023-11-09,14:30,Delivered,Thursday,14,36,1735
2610,1597,305,2023-05-29,21:45,Delivered,Monday,21,67,1277
2611,1360,342,2023-11-21,13:30,Delivered,Tuesday,13,70,902
2612,1317,398,2023-06-30,19:45,Delivered,Friday,19,33,1758
2613,1266,326,2023-06-18,11:45,Delivered,Sunday,11,45,1840
2614,2050,389,2023-11-10,15:00,Delivered,Friday,15,22,265
2615,2053,303,2023-08-03,18:30,Delivered,Thursday,18,36,1085
2616,1858,377,2023-10-24,10:30,Delivered,Tuesday,10,37,1468
2617,2275,355,2023-09-10,10:00,Delivered,Sunday,10,45,969
2618,1409,362,2023-04-24,11:00,Delivered,Monday,11,70,1398
2619,1415,344,2023-10-11,17:45,Delivered,Wednesday,17,48,1713
2620,1717,372,2023-02-07,21:15,Cancelled,Tuesday,21,42,315
2621,1912,389,2023-09-28,12:00,Cancelled,Thursday,12,59,552
2622,2165,390,2023-02-16,11:30,Delivered,Thursday,11,41,1372
2623,1527,391,2023-08-20,16:30,Cancelled,Sunday,16,55,1494
2624,2191,362,2023-06-18,22:00,Delivered,Sunday,22,53,268
2625,1311,350,2023-04-28,18:30,Cancelled,Friday,18,60,1478
2626,2075,367,2023-06-18,22:00,Cancelled,Sunday,22,24,1508
2627,1239,319,2023-09-24,15:00,Delivered,Sunday,15,21,1559
2628,1671,350,2023-01-10,15:00,Delivered,Tuesday,15,65,1577
2629,1951,353,2023-04-25,13:30,Cancelled,Tuesday,13,36,1736
2630,2489,348,2023-06-18,20:30,Cancelled,Sunday,20,42,1053
2631,1504,355,2023-06-18,17:45,Cancelled,Sunday,17,43,500
2632,1322,311,2023-09-25,10:45,Delivered,Monday,10,70,1301
2633,1656,334,2023-12-23,20:45,Cancelled,Saturday,20,28,685
2634,1672,393,2023-06-13,18:00,Delivered,Tuesday,18,31,1476
2635,2108,394,2023-10-15,22:30,Cancelled,Sunday,22,21,1382
2636,1781,340,2023-12-18,17:30,Delivered,Monday,17,49,200
2637,2171,315,2023-10-27,19:30,Delivered,Friday,19,40,1368
2638,1097,315,2023-12-21,13:30,Cancelled,Thursday,13,40,778
2639,1681,349,2023-11-27,11:45,Delivered,Monday,11,39,690
2640,1203,318,2023-07-07,16:15,Delivered,Friday,16,43,1182
2641,2025,345,2023-09-26,20:00,Delivered,Tuesday,20,52,1866
2642,2358,359,2023-11-27,11:15,Delivered,Monday,11,43,1305
2643,2262,363,2023-11-04,21:45,Delivered,Saturday,21,45,1839
2644,2456,317,2023-12-26,18:00,Delivered,Tuesday,18,49,591
2645,1019,373,2023-06-16,15:30,Delivered,Friday,15,23,1169
2646,1718,352,2023-07-12,20:30,Cancelled,Wednesday,20,69,633
2647,1824,370,2023-06-10,22:45,Delivered,Saturday,22,38,1321
2648,1760,397,2023-12-02,13:00,Cancelled,Saturday,13,37,364
2649,1141,334,2023-04-23,14:15,Delivered,Sunday,14,55,1524
2650,1411,361,2023-08-23,18:15,Delivered,Wednesday,18,45,1239
2651,1355,307,2023-04-15,22:45,Cancelled,Saturday,22,38,1220
2652,2091,362,2023-10-13,20:00,Cancelled,Friday,20,34,217
2653,2100,322,2023-10-11,21:00,Delivered,Wednesday,21,47,939
2654,1562,319,2023-10-09,14:00,Delivered,Monday,14,34,684
2655,1030,305,2023-07-11,21:15,Delivered,Tuesday,21,42,366
2656,1507,368,2023-07-31,15:15,Delivered,Monday,15,37,1233
2657,2337,368,2023-04-30,18:15,Delivered,Sunday,18,68,592
2658,1346,314,2023-03-28,19:30,Delivered,Tuesday,19,48,362
2659,2336,384,2023-03-23,18:30,Cancelled,Thursday,18,32,1940
2660,1065,319,2023-07-23,16:45,Delivered,Sunday,16,20,466
2661,2120,359,2023-02-25,13:30,Cancelled,Saturday,13,30,1128
2662,1112,400,2023-06-06,15:45,Delivered,Tuesday,15,30,654
2663,1482,393,2023-06-18,18:00,Cancelled,Sunday,18,62,1299
2664,1262,396,2023-09-30,15:30,Cancelled,Saturday,15,68,1326
2665,2175,333,2023-12-15,11:00,Delivered,Friday,11,63,1382
2666,2130,366,2023-06-18,16:00,Delivered,Sunday,16,63,549
2667,2364,348,2023-09-13,22:45,Delivered,Wednesday,22,43,1983
2668,1124,367,2023-02-25,12:15,Delivered,Saturday,12,42,1941
2669,1080,355,2023-10-22,21:30,Delivered,Sunday,21,59,1202
2670,1670,352,2023-03-09,10:45,Delivered,Thursday,10,45,1858
2671,1790,381,2023-11-06,13:30,Delivered,Monday,13,50,1436
2672,2472,308,2023-05-10,15:00,Delivered,Wednesday,15,65,1239
2673,1984,372,2023-06-18,15:15,Delivered,Sunday,15,70,1629
2674,1270,395,2023-02-21,14:30,Cancelled,Tuesday,14,61,1384
2675,1261,353,2023-08-08,20:45,Cancelled,Tuesday,20,53,326
2676,2110,364,2023-02-01,16:15,Cancelled,Wednesday,16,52,1559
2677,1052,397,2023-01-19,14:15,Delivered,Thursday,14,63,1978
2678,1858,325,2023-11-05,21:15,Delivered,Sunday,21,37,1401
2679,1566,314,2023-11-28,18:45,Delivered,Tuesday,18,32,1833
2680,2007,353,2023-06-18,19:00,Delivered,Sunday,19,20,1801
2681,1469,329,2023-06-18,17:30,Delivered,Sunday,17,45,1435
2682,2387,392,2023-02-06,20:00,Delivered,Monday,20,43,1485
2683,1885,331,2023-11-26,13:15,Delivered,Sunday,13,66,908
2684,1157,321,2023-06-11,20:00,Delivered,Sunday,20,48,1874
2685,1403,399,2023-04-13,16:45,Delivered,Thursday,16,35,1483
2686,2386,314,2023-06-18,20:00,Delivered,Sunday,20,45,1103
2687,2432,322,2023-04-09,20:45,Cancelled,Sunday,20,46,560
2688,1949,329,2023-03-02,19:45,Delivered,Thursday,19,45,660
2689,2139,321,2023-03-27,18:30,Cancelled,Monday,18,66,804
2690,1243,316,2023-06-18,18:45,Cancelled,Sunday,18,63,1695
2691,2421,379,2023-10-22,10:30,Delivered,Sunday,10,54,680
2692,1934,377,2023-02-03,14:15,Cancelled,Friday,14,23,1055
2693,1779,382,2023-08-11,21:45,Cancelled,Friday,21,35,218
2694,1183,323,2023-10-08,16:15,Cancelled,Sunday,16,69,1595
2695,1063,338,2023-07-01,20:15,Cancelled,Saturday,20,46,536
2696,1187,302,2023-05-21,17:30,Delivered,Sunday,17,27,1219
2697,2379,329,2023-09-28,13:15,Delivered,Thursday,13,55,716
2698,1868,371,2023-10-11,21:00,Delivered,Wednesday,21,32,988
2699,1770,340,2023-03-16,13:30,Cancelled,Thursday,13,70,1857
2700,1474,384,2023-03-06,17:30,Delivered,Monday,17,45,1472
2701,1741,350,2023-04-24,22:00,Delivered,Monday,22,45,1075
2702,1227,360,2023-04-24,10:15,Delivered,Monday,10,56,458
2703,1053,360,2023-07-22,12:30,Delivered,Saturday,12,39,768
2704,1041,382,2023-10-22,13:45,Delivered,Sunday,13,51,1760
2705,1959,350,2023-06-19,13:15,Delivered,Monday,13,66,680
2706,1155,308,2023-10-22,21:15,Cancelled,Sunday,21,64,1970
2707,2364,308,2023-07-25,13:30,Delivered,Tuesday,13,53,1083
2708,1605,396,2023-05-09,10:00,Cancelled,Tuesday,10,28,1283
2709,2329,382,2023-09-17,10:30,Delivered,Sunday,10,66,1197
2710,1079,320,2023-11-17,10:15,Delivered,Friday,10,68,1993
2711,1333,390,2023-07-30,14:45,Cancelled,Sunday,14,42,1236
2712,1690,356,2023-11-16,21:00,Delivered,Thursday,21,28,1827
2713,1482,312,2023-01-24,11:00,Delivered,Tuesday,11,43,280
2714,1243,336,2023-02-19,18:45,Delivered,Sunday,18,43,676
2715,1391,390,2023-01-05,11:15,Delivered,Thursday,11,31,1330
2716,1770,308,2023-10-22,11:30,Delivered,Sunday,11,47,539
2717,1309,331,2023-10-30,13:00,Cancelled,Monday,13,53,626
2718,2151,386,2023-03-08,16:15,Delivered,Wednesday,16,69,248
2719,2345,350,2023-06-22,12:00,Delivered,Thursday,12,30,616
2720,2498,399,2023-02-22,17:00,Delivered,Wednesday,17,45,1180
2721,1132,370,2023-09-03,18:15,Delivered,Sunday,18,60,519
2722,2078,343,2023-10-22,18:45,Delivered,Sunday,18,33,308
2723,1371,381,2023-10-22,10:45,Delivered,Sunday,10,35,541
2724,2321,377,2023-01-28,22:45,Cancelled,Saturday,22,38,1441
2725,1619,320,2023-06-19,21:45,Delivered,Monday,21,28,665
2726,2081,360,2023-10-22,11:00,Delivered,Sunday,11,45,976
2727,2167,313,2023-02-23,15:15,Cancelled,Thursday,15,47,1841
2728,1118,343,2023-05-12,21:30,Delivered,Friday,21,45,845
2729,1287,392,2023-08-08,12:15,Delivered,Tuesday,12,23,938
2730,2202,362,2023-09-05,19:00,Delivered,Tuesday,19,60,476
2731,1641,301,2023-05-24,22:45,Delivered,Wednesday,22,31,1182
2732,1924,332,2023-08-03,20:00,Delivered,Thursday,20,42,1047
2733,2387,306,2023-10-13,11:30,Cancelled,Friday,11,39,1970
2734,1353,364,2023-11-19,17:30,Cancelled,Sunday,17,22,411
2735,1251,358,2023-07-23,15:30,Cancelled,Sunday,15,52,604
2736,1393,304,2023-12-06,18:15,Delivered,Wednesday,18,35,1530
2737,1728,321,2023-10-27,22:15,Delivered,Friday,22,32,497
2738,1416,317,2023-10-22,14:30,Cancelled,Sunday,14,40,1302
2739,1802,344,2023-10-20,15:45,Delivered,Friday,15,51,682
2740,2044,331,2023-01-12,18:45,Cancelled,Thursday,18,37,585
2741,2215,359,2023-10-22,17:00,Delivered,Sunday,17,44,1908
2742,1435,305,2023-10-21,15:45,Delivered,Saturday,15,34,1221
2743,2318,393,2023-10-21,18:15,Delivered,Saturday,18,50,550
2744,1430,397,2023-06-14,14:00,Delivered,Wednesday,14,57,1681
2745,1144,397,2023-05-28,11:45,Delivered,Sunday,11,45,1480
2746,1522,382,2023-02-27,16:45,Delivered,Monday,16,38,528
2747,1097,333,2023-02-13,13:15,Delivered,Monday,13,37,1450
2748,1044,378,2023-08-25,10:00,Delivered,Friday,10,45,1007
2749,1229,382,2023-08-21,12:00,Delivered,Monday,12,34,315
2750,1724,320,2023-03-17,20:45,Delivered,Friday,20,45,1648
2751,2493,344,2023-07-13,22:15,Delivered,Thursday,22,59,1888
2752,1041,363,2023-07-17,18:45,Delivered,Monday,18,44,572
2753,1893,345,2023-05-30,13:30,Cancelled,Tuesday,13,45,290
2754,1757,338,2023-10-22,12:30,Delivered,Sunday,12,52,1428
2755,1347,381,2023-02-03,21:15,Delivered,Friday,21,69,1555
2756,2387,327,2023-10-22,20:30,Cancelled,Sunday,20,26,1876
2757,1190,392,2023-07-23,22:45,Delivered,Sunday,22,59,1857
2758,1054,310,2023-06-05,15:00,Cancelled,Monday,15,41,370
2759,1648,342,2023-10-22,10:45,Delivered,Sunday,10,49,901
2760,1695,347,2023-07-14,21:00,Delivered,Friday,21,56,820
2761,1230,391,2023-11-22,11:15,Delivered,Wednesday,11,33,1882
2762,1237,361,2023-05-18,20:30,Delivered,Thursday,20,52,1586
2763,1983,368,2023-12-06,15:15,Delivered,Wednesday,15,54,437
2764,1751,363,2023-06-13,13:00,Delivered,Tuesday,13,56,1741
2765,1067,352,2023-04-07,12:30,Cancelled,Friday,12,45,1413
2766,1244,333,2023-11-11,15:15,Delivered,Saturday,15,70,207
2767,1132,373,2023-08-19,10:30,Delivered,Saturday,10,33,1824
2768,1580,307,2023-10-10,16:15,Cancelled,Tuesday,16,45,1120
2769,1557,400,2023-11-11,21:15,Cancelled,Saturday,21,55,1099
2770,1697,320,2023-01-26,19:00,Delivered,Thursday,19,54,771
2771,1974,339,2023-03-02,11:15,Delivered,Thursday,11,64,1914
2772,1958,338,2023-08-13,10:00,Delivered,Sunday,10,24,334
2773,1491,333,2023-02-04,18:45,Delivered,Saturday,18,31,1010
2774,1507,394,2023-11-11,16:15,Cancelled,Saturday,16,61,1639
2775,1324,358,2023-05-17,15:00,Delivered,Wednesday,15,28,960
2776,1338,358,2023-05-15,13:45,Cancelled,Monday,13,69,523
2777,2350,345,2023-09-11,12:00,Cancelled,Monday,12,45,1571
2778,2137,348,2023-10-05,12:15,Delivered,Thursday,12,69,1580
2779,2438,346,2023-07-10,15:45,Delivered,Monday,15,42,414
2780,1500,323,2023-11-11,14:00,Cancelled,Saturday,14,52,1762
2781,2336,353,2023-11-02,17:00,Cancelled,Thursday,17,26,592
2782,1346,354,2023-06-24,16:00,Delivered,Saturday,16,65,675
2783,1281,386,2023-06-30,15:45,Cancelled,Friday,15,44,1245
2784,1990,381,2023-11-16,14:15,Cancelled,Thursday,14,59,837
2785,1994,344,2023-03-22,12:00,Delivered,Wednesday,12,45,1336
2786,1951,302,2023-01-27,19:15,Delivered,Friday,19,55,233
2787,1386,308,2023-10-05,13:30,Cancelled,Thursday,13,37,486
2788,1045,385,2023-11-11,12:45,Delivered,Saturday,12,37,1744
2789,1357,379,2023-04-21,17:00,Delivered,Friday,17,31,1785
2790,1603,315,2023-11-11,12:15,Delivered,Saturday,12,46,1779
2791,2019,321,2023-07-28,14:45,Delivered,Friday,14,31,467
2792,1347,346,2023-07-15,10:00,Delivered,Saturday,10,26,989
2793,1373,366,2023-11-11,22:00,Cancelled,Saturday,22,36,1326
2794,2023,383,2023-12-05,17:00,Delivered,Tuesday,17,32,848
2795,1375,312,2023-11-29,11:15,Delivered,Wednesday,11,36,1653
2796,1866,373,2023-04-25,13:30,Cancelled,Tuesday,13,33,1409
2797,1928,373,2023-06-02,20:00,Cancelled,Friday,20,62,570
2798,2407,383,2023-03-22,15:15,Cancelled,Wednesday,15,45,1478
2799,1259,321,2023-10-14,22:45,Cancelled,Saturday,22,68,1067
2800,1808,358,2023-06-22,21:30,Cancelled,Thursday,21,46,1012
2801,1984,339,2023-05-16,18:00,Delivered,Tuesday,18,65,1729
2802,2183,315,2023-06-21,20:45,Delivered,Wednesday,20,65,778
2803,1155,309,2023-12-27,18:30,Delivered,Wednesday,18,45,1955
2804,2402,386,2023-11-11,13:30,Delivered,Saturday,13,52,1143
2805,2156,370,2023-08-21,16:00,Cancelled,Monday,16,48,1452
2806,2344,345,2023-11-11,19:15,Delivered,Saturday,19,31,512
2807,2019,368,2023-10-11,19:45,Delivered,Wednesday,19,61,1541
2808,2242,328,2023-10-08,17:15,Cancelled,Sunday,17,24,214
2809,1025,376,2023-09-10,10:30,Delivered,Sunday,10,53,1015
2810,1385,311,2023-09-05,14:45,Delivered,Tuesday,14,41,1001
2811,2283,320,2023-07-28,13:45,Delivered,Friday,13,59,372
2812,1425,349,2023-12-13,15:00,Delivered,Wednesday,15,38,762
2813,2049,339,2023-07-18,10:00,Cancelled,Tuesday,10,64,418
2814,1833,349,2023-05-04,22:30,Delivered,Thursday,22,28,575
2815,1673,400,2023-09-15,11:45,Delivered,Friday,11,38,503
2816,1408,375,2023-07-03,11:45,Delivered,Monday,11,49,1747
2817,1301,375,2023-02-02,14:45,Delivered,Thursday,14,51,1572
2818,2032,311,2023-09-14,10:15,Delivered,Thursday,10,45,1890
2819,1103,340,2023-02-27,15:00,Cancelled,Monday,15,48,442
2820,1299,342,2023-03-09,17:30,Cancelled,Thursday,17,20,495
2821,1419,352,2023-08-19,22:15,Delivered,Saturday,22,34,1858
2822,1734,338,2023-06-19,18:15,Cancelled,Monday,18,59,1619
2823,1081,351,2023-09-15,10:30,Delivered,Friday,10,67,1822
2824,1644,305,2023-12-01,12:45,Cancelled,Friday,12,68,832
2825,2250,351,2023-11-20,10:45,Delivered,Monday,10,47,1467
2826,2150,389,2023-11-11,20:45,Delivered,Saturday,20,28,1303
2827,2067,335,2023-05-05,16:45,Delivered,Friday,16,38,1620
2828,1561,355,2023-08-22,19:45,Delivered,Tuesday,19,45,1624
2829,1043,352,2023-11-11,13:00,Delivered,Saturday,13,36,771
2830,1047,321,2023-08-12,18:45,Delivered,Saturday,18,55,447
2831,1830,330,2023-07-11,10:30,Cancelled,Tuesday,10,66,1447
2832,2104,343,2023-07-29,20:00,Delivered,Saturday,20,60,1840
2833,2294,400,2023-05-13,11:15,Cancelled,Saturday,11,28,761
2834,2109,375,2023-08-07,10:45,Cancelled,Monday,10,20,1165
2835,2077,314,2023-09-03,11:30,Cancelled,Sunday,11,41,1299
2836,1759,345,2023-04-10,16:45,Cancelled,Monday,16,45,1663
2837,1411,344,2023-09-02,19:30,Delivered,Saturday,19,22,1088
2838,2076,329,2023-10-20,19:15,Delivered,Friday,19,48,1996
2839,1770,349,2023-09-11,17:15,Cancelled,Monday,17,44,269
2840,1501,372,2023-11-21,19:45,Delivered,Tuesday,19,64,644
2841,1693,333,2023-09-08,10:45,Delivered,Friday,10,59,1788
2842,1281,329,2023-03-07,12:30,Delivered,Tuesday,12,28,677
2843,2206,335,2023-10-12,20:30,Delivered,Thursday,20,23,1036
2844,1522,372,2023-12-12,20:30,Delivered,Tuesday,20,52,1158
2845,1225,314,2023-04-12,13:00,Delivered,Wednesday,13,23,257
2846,1612,331,2023-11-11,18:15,Cancelled,Saturday,18,46,1805
2847,2157,321,2023-06-08,10:45,Cancelled,Thursday,10,40,943
2848,1507,349,2023-02-25,19:30,Delivered,Saturday,19,23,216
2849,1949,387,2023-07-04,10:15,Cancelled,Tuesday,10,57,310
2850,2359,390,2023-11-11,22:15,Delivered,Saturday,22,69,1358
2851,1386,336,2023-08-29,16:30,Cancelled,Tuesday,16,50,767
2852,2266,378,2023-05-15,16:45,Cancelled,Monday,16,58,958
2853,1181,381,2023-04-21,20:15,Delivered,Friday,20,31,1480
2854,1096,311,2023-12-16,21:45,Cancelled,Saturday,21,61,1039
2855,1062,339,2023-02-24,18:45,Delivered,Friday,18,25,1586
2856,1776,366,2023-05-21,12:30,Delivered,Sunday,12,45,1195
2857,1141,318,2023-05-08,18:00,Cancelled,Monday,18,47,1676
2858,1745,338,2023-03-28,10:45,Cancelled,Tuesday,10,54,1810
2859,2318,313,2023-08-05,14:45,Delivered,Saturday,14,57,1880
2860,1857,392,2023-05-25,21:45,Delivered,Thursday,21,60,1487
2861,1997,350,2023-06-24,10:15,Delivered,Saturday,10,25,476
2862,1323,362,2023-07-07,12:45,Delivered,Friday,12,34,1335
2863,2413,387,2023-04-10,18:30,Delivered,Monday,18,22,1291
2864,2281,371,2023-10-10,20:45,Delivered,Tuesday,20,55,1815
2865,2342,337,2023-05-29,10:45,Delivered,Monday,10,60,1051
2866,1813,388,2023-11-11,10:45,Delivered,Saturday,10,54,1139
2867,1513,393,2023-06-21,18:00,Cancelled,Wednesday,18,41,486
2868,1151,360,2023-10-12,11:00,Cancelled,Thursday,11,66,980
2869,2395,310,2023-08-21,14:15,Delivered,Monday,14,61,1576
2870,1105,370,2023-08-08,15:15,Delivered,Tuesday,15,57,741
2871,2034,319,2023-06-18,21:30,Delivered,Sunday,21,29,342
2872,1958,352,2023-03-21,17:15,Delivered,Tuesday,17,48,226
2873,1130,384,2023-01-16,22:15,Delivered,Monday,22,45,537
2874,1224,312,2023-02-25,17:30,Cancelled,Saturday,17,64,1558
2875,1482,383,2023-02-24,15:15,Delivered,Friday,15,45,383
2876,1122,374,2023-10-29,14:30,Delivered,Sunday,14,24,719
2877,2260,397,2023-11-23,22:30,Cancelled,Thursday,22,49,830
2878,1147,394,2023-01-10,20:00,Delivered,Tuesday,20,45,202
2879,1326,319,2023-11-28,20:00,Delivered,Tuesday,20,23,661
2880,1401,353,2023-03-23,22:15,Delivered,Thursday,22,59,1217
2881,1724,322,2023-06-04,12:30,Cancelled,Sunday,12,45,545
2882,2484,356,2023-02-18,11:15,Delivered,Saturday,11,45,1122
2883,2215,346,2023-06-25,21:30,Delivered,Sunday,21,49,1544
2884,2302,381,2023-03-24,21:45,Cancelled,Friday,21,47,480
2885,1724,304,2023-02-27,22:15,Cancelled,Monday,22,54,1242
2886,1835,397,2023-06-25,10:30,Cancelled,Sunday,10,28,1336
2887,2486,332,2023-12-09,14:45,Delivered,Saturday,14,22,1268
2888,1542,320,2023-10-18,18:00,Delivered,Wednesday,18,56,1370
2889,1641,333,2023-10-27,21:45,Cancelled,Friday,21,32,311
2890,1852,313,2023-11-11,22:15,Delivered,Saturday,22,43,1844
2891,1570,384,2023-05-29,12:00,Cancelled,Monday,12,21,1246
2892,1726,357,2023-07-04,17:30,Delivered,Tuesday,17,22,1833
2893,2445,355,2023-10-06,18:45,Cancelled,Friday,18,67,1915
2894,1608,387,2023-08-12,13:15,Cancelled,Saturday,13,53,1449
2895,1827,301,2023-01-09,17:45,Cancelled,Monday,17,50,414
2896,1051,324,2023-02-14,16:30,Delivered,Tuesday,16,45,563
2897,2295,344,2023-10-19,20:30,Delivered,Thursday,20,38,1388
2898,1685,396,2023-01-09,21:00,Cancelled,Monday,21,25,1137
2899,1508,317,2023-06-07,21:30,Cancelled,Wednesday,21,22,1362
2900,2497,309,2023-11-28,10:30,Delivered,Tuesday,10,34,808
2901,2328,316,2023-02-19,17:15,Delivered,Sunday,17,27,1720
2902,1039,314,2023-02-16,21:00,Delivered,Thursday,21,55,1895
2903,1852,340,2023-09-15,16:00,Cancelled,Friday,16,24,1225
2904,2405,308,2023-03-06,18:30,Delivered,Monday,18,32,1612
2905,1596,382,2023-10-21,16:00,Delivered,Saturday,16,21,1935
2906,1272,358,2023-03-19,22:00,Delivered,Sunday,22,31,712
2907,2317,328,2023-10-29,18:30,Delivered,Sunday,18,39,1489
2908,1821,351,2023-05-03,16:45,Cancelled,Wednesday,16,45,718
2909,2477,397,2023-05-01,22:30,Delivered,Monday,22,45,860
2910,1192,338,2023-05-14,13:45,Delivered,Sunday,13,22,1630
2911,1750,310,2023-08-21,22:30,Delivered,Monday,22,26,1322
2912,1634,355,2023-09-26,16:00,Delivered,Tuesday,16,39,897
2913,2436,333,2023-06-03,22:00,Delivered,Saturday,22,35,1858
2914,1980,384,2023-07-09,11:45,Cancelled,Sunday,11,45,1111
2915,1566,339,2023-11-11,13:00,Delivered,Saturday,13,52,820
2916,1426,390,2023-04-01,13:00,Cancelled,Saturday,13,38,1114
2917,1147,362,2023-03-27,19:30,Delivered,Monday,19,66,1492
2918,1413,391,2023-10-18,10:30,Cancelled,Wednesday,10,24,1415
2919,2292,327,2023-07-02,20:30,Delivered,Sunday,20,66,1635
2920,1444,318,2023-03-03,16:15,Delivered,Friday,16,45,494
2921,1269,323,2023-01-20,14:15,Delivered,Friday,14,55,758
2922,1519,377,2023-06-03,12:30,Cancelled,Saturday,12,60,1262
2923,1976,378,2023-12-02,14:30,Delivered,Saturday,14,44,487
2924,2108,346,2023-12-02,13:15,Delivered,Saturday,13,45,1672
2925,2087,381,2023-09-13,22:30,Cancelled,Wednesday,22,45,338
2926,2266,354,2023-10-24,22:00,Cancelled,Tuesday,22,26,1023
2927,2406,306,2023-08-25,20:45,Delivered,Friday,20,54,623
2928,1075,351,2023-02-02,11:00,Cancelled,Thursday,11,22,1685
2929,2226,314,2023-12-02,11:30,Delivered,Saturday,11,47,301
2930,2118,365,2023-12-02,10:00,Delivered,Saturday,10,46,540
2931,2096,316,2023-04-07,17:45,Delivered,Friday,17,44,1273
2932,1065,307,2023-12-22,12:30,Delivered,Friday,12,58,812
2933,1610,337,2023-04-26,17:15,Cancelled,Wednesday,17,25,1998
2934,1360,353,2023-04-11,11:45,Delivered,Tuesday,11,44,779
2935,2051,379,2023-08-21,20:45,Delivered,Monday,20,68,1539
2936,1242,328,2023-04-27,21:30,Delivered,Thursday,21,33,877
2937,2305,333,2023-12-17,15:15,Cancelled,Sunday,15,55,1866
2938,1453,335,2023-12-02,22:45,Cancelled,Saturday,22,45,1729
2939,2026,372,2023-12-02,15:30,Cancelled,Saturday,15,62,1153
2940,1556,362,2023-08-13,18:00,Cancelled,Sunday,18,45,477
2941,1855,355,2023-10-28,11:15,Delivered,Saturday,11,63,1473
2942,1383,311,2023-07-25,17:15,Delivered,Tuesday,17,51,768
2943,1462,325,2023-12-26,21:00,Delivered,Tuesday,21,58,700
2944,1458,310,2023-12-02,12:30,Cancelled,Saturday,12,23,1853
2945,1898,385,2023-10-23,20:15,Cancelled,Monday,20,56,508
2946,1614,363,2023-01-06,13:30,Delivered,Friday,13,46,413
2947,2275,388,2023-05-16,20:45,Delivered,Tuesday,20,45,463
2948,1192,335,2023-10-25,15:45,Delivered,Wednesday,15,49,244
2949,1683,318,2023-11-11,18:15,Cancelled,Saturday,18,45,1116
2950,1126,324,2023-12-19,21:45,Delivered,Tuesday,21,52,1497
2951,1041,347,2023-07-06,22:00,Cancelled,Thursday,22,46,1282
2952,2433,355,2023-08-21,19:00,Delivered,Monday,19,33,1852
2953,2381,317,2023-01-28,20:30,Cancelled,Saturday,20,68,1014
2954,1610,357,2023-06-29,12:30,Delivered,Thursday,12,52,969
2955,1948,328,2023-12-04,22:30,Delivered,Monday,22,22,345
2956,2204,351,2023-01-01,16:30,Delivered,Sunday,16,66,201
2957,1824,312,2023-05-26,15:15,Cancelled,Friday,15,49,1413
2958,1948,332,2023-03-04,14:15,Delivered,Saturday,14,46,1196
2959,1300,330,2023-01-27,17:30,Cancelled,Friday,17,58,1411
2960,2020,302,2023-12-02,15:30,Delivered,Saturday,15,53,807
2961,1364,303,2023-08-07,18:30,Delivered,Monday,18,65,985
2962,2008,326,2023-08-04,15:00,Delivered,Friday,15,22,1225
2963,1556,306,2023-03-30,20:00,Delivered,Thursday,20,51,1901
2964,1231,342,2023-12-05,11:30,Cancelled,Tuesday,11,65,828
2965,2219,389,2023-02-14,14:00,Cancelled,Tuesday,14,54,1845
2966,2360,302,2023-12-02,16:15,Cancelled,Saturday,16,30,209
2967,1491,347,2023-05-02,11:45,Delivered,Tuesday,11,45,1221
2968,1934,351,2023-11-04,22:30,Cancelled,Saturday,22,41,318
2969,1846,397,2023-06-07,19:15,Cancelled,Wednesday,19,28,1535
2970,1048,398,2023-04-08,11:00,Cancelled,Saturday,11,28,972
2971,2155,354,2023-11-09,21:00,Delivered,Thursday,21,54,368
2972,1525,307,2023-08-01,17:45,Delivered,Tuesday,17,67,1767
2973,1087,315,2023-06-19,11:00,Cancelled,Monday,11,56,883
2974,1189,385,2023-12-02,13:45,Cancelled,Saturday,13,57,382
2975,2427,373,2023-07-28,19:00,Delivered,Friday,19,50,1407
2976,1506,375,2023-08-23,21:15,Delivered,Wednesday,21,37,1440
2977,1119,342,2023-11-17,10:00,Delivered,Friday,10,60,1309
2978,1238,340,2023-03-18,20:30,Cancelled,Saturday,20,45,1762
2979,1675,345,2023-12-14,14:00,Delivered,Thursday,14,56,1801
2980,2388,313,2023-12-02,21:00,Delivered,Saturday,21,34,1829
2981,2216,341,2023-08-29,20:00,Cancelled,Tuesday,20,53,904
2982,2313,338,2023-06-09,22:45,Cancelled,Friday,22,70,779
2983,1637,378,2023-06-17,19:00,Delivered,Saturday,19,65,607
2984,2006,375,2023-10-27,18:15,Cancelled,Friday,18,51,1794
2985,2284,303,2023-12-02,17:00,Delivered,Saturday,17,51,1508
2986,1071,318,2023-05-15,21:00,Delivered,Monday,21,65,1878
2987,1838,313,2023-12-13,11:15,Delivered,Wednesday,11,20,1592
2988,2187,311,2023-04-04,12:30,Cancelled,Tuesday,12,38,811
2989,1692,397,2023-08-31,22:30,Delivered,Thursday,22,61,1804
2990,1791,370,2023-05-19,18:00,Delivered,Friday,18,40,511
2991,1162,356,2023-12-14,12:30,Delivered,Thursday,12,52,1706
2992,1216,327,2023-03-06,17:30,Delivered,Monday,17,64,1163
2993,1815,395,2023-01-18,16:00,Delivered,Wednesday,16,70,1953
2994,2030,353,2023-08-03,16:00,Cancelled,Thursday,16,40,1204
2995,2472,339,2023-06-25,14:00,Delivered,Sunday,14,48,509
2996,1716,306,2023-02-07,16:00,Delivered,Tuesday,16,67,1734
2997,1028,360,2023-10-05,13:00,Delivered,Thursday,13,29,1432
2998,1364,400,2023-12-27,21:00,Delivered,Wednesday,21,38,403
2999,1021,327,2023-06-15,20:30,Cancelled,Thursday,20,45,1007
3000,1922,394,2023-12-25,16:00,Cancelled,Monday,16,49,984
3001,2088,359,2023-06-03,11:30,Delivered,Saturday,11,26,1380
3002,1844,350,2023-09-10,16:15,Delivered,Sunday,16,38,748
3003,1494,307,2023-10-14,21:30,Delivered,Saturday,21,62,379
3004,1975,346,2023-09-10,13:00,Delivered,Sunday,13,21,1725
3005,2438,304,2023-04-20,17:15,Delivered,Thursday,17,63,941
3006,1763,328,2023-03-26,11:00,Delivered,Sunday,11,64,1090
3007,1159,327,2023-08-31,10:45,Delivered,Thursday,10,45,1312
3008,1241,372,2023-03-28,16:45,Cancelled,Tuesday,16,26,570
3009,1246,360,2023-06-29,19:45,Delivered,Thursday,19,44,1384
3010,1917,362,2023-04-26,15:45,Delivered,Wednesday,15,65,301
3011,1467,369,2023-07-17,13:15,Cancelled,Monday,13,45,453
3012,1316,369,2023-12-07,20:30,Delivered,Thursday,20,54,830
3013,1505,302,2023-01-10,10:45,Delivered,Tuesday,10,28,1581
3014,1998,316,2023-12-18,18:00,Delivered,Monday,18,47,1481
3015,2433,365,2023-11-15,14:00,Cancelled,Wednesday,14,24,880
3016,2102,325,2023-12-05,22:00,Delivered,Tuesday,22,25,420
3017,1317,301,2023-04-30,10:30,Delivered,Sunday,10,34,338
3018,1441,310,2023-06-24,11:15,Cancelled,Saturday,11,53,922
3019,1022,389,2023-09-10,18:30,Delivered,Sunday,18,52,815
3020,2337,351,2023-02-25,15:30,Delivered,Saturday,15,42,392
3021,1751,341,2023-09-24,21:30,Delivered,Sunday,21,65,823
3022,1965,346,2023-06-13,20:30,Cancelled,Tuesday,20,60,1726
3023,2277,381,2023-10-30,10:30,Delivered,Monday,10,60,247
3024,1780,332,2023-08-14,18:00,Delivered,Monday,18,45,1653
3025,2244,304,2023-08-13,16:30,Delivered,Sunday,16,20,585
3026,1041,381,2023-06-01,15:30,Cancelled,Thursday,15,54,1268
3027,1067,360,2023-06-12,10:00,Cancelled,Monday,10,41,388
3028,1821,317,2023-10-17,13:45,Delivered,Tuesday,13,49,1985
3029,1141,315,2023-04-21,13:30,Delivered,Friday,13,41,1970
3030,1160,326,2023-10-27,20:30,Delivered,Friday,20,45,1969
3031,1229,309,2023-09-14,20:00,Cancelled,Thursday,20,66,1247
3032,1855,326,2023-11-24,22:15,Delivered,Friday,22,56,521
3033,2369,321,2023-12-30,14:00,Cancelled,Saturday,14,58,1154
3034,1349,381,2023-05-21,15:30,Delivered,Sunday,15,65,1120
3035,2247,399,2023-09-29,12:00,Delivered,Friday,12,32,727
3036,1132,353,2023-04-26,11:00,Cancelled,Wednesday,11,56,1512
3037,1300,376,2023-11-15,22:45,Cancelled,Wednesday,22,53,610
3038,1149,331,2023-06-28,10:00,Delivered,Wednesday,10,42,393
3039,1063,370,2023-08-04,11:15,Delivered,Friday,11,59,864
3040,2266,354,2023-07-28,22:45,Delivered,Friday,22,45,856
3041,2273,365,2023-06-19,16:30,Cancelled,Monday,16,70,1763
3042,1891,397,2023-02-05,14:30,Cancelled,Sunday,14,32,1521
3043,1746,368,2023-08-19,18:00,Delivered,Saturday,18,40,464
3044,1517,308,2023-12-23,15:30,Delivered,Saturday,15,61,1189
3045,1077,378,2023-05-15,18:30,Delivered,Monday,18,68,1546
3046,1595,350,2023-12-06,19:15,Delivered,Wednesday,19,38,971
3047,1545,302,2023-09-10,17:00,Delivered,Sunday,17,68,1128
3048,1838,338,2023-09-10,20:30,Delivered,Sunday,20,27,949
3049,2044,366,2023-08-03,19:30,Delivered,Thursday,19,66,1909
3050,1375,391,2023-05-01,21:15,Delivered,Monday,21,35,1678
3051,1031,315,2023-03-15,16:15,Cancelled,Wednesday,16,45,1392
3052,2377,306,2023-10-23,12:15,Delivered,Monday,12,45,273
3053,2052,355,2023-11-16,18:30,Cancelled,Thursday,18,59,1664
3054,1715,326,2023-09-10,20:30,Cancelled,Sunday,20,68,1625
3055,2232,332,2023-03-03,20:15,Delivered,Friday,20,20,1969
3056,2411,340,2023-02-08,18:45,Delivered,Wednesday,18,53,1615
3057,2088,370,2023-08-05,16:00,Delivered,Saturday,16,54,760
3058,1984,366,2023-07-24,13:00,Delivered,Monday,13,53,1570
3059,2209,349,2023-09-10,18:45,Delivered,Sunday,18,51,928
3060,1890,311,2023-06-21,15:15,Cancelled,Wednesday,15,24,932
3061,1111,348,2023-07-28,19:30,Delivered,Friday,19,21,1185
3062,2140,320,2023-08-30,19:30,Cancelled,Wednesday,19,63,856
3063,1253,302,2023-04-29,12:45,Delivered,Saturday,12,20,1557
3064,1871,347,2023-09-28,19:30,Delivered,Thursday,19,54,239
3065,1682,342,2023-04-06,21:30,Cancelled,Thursday,21,32,340
3066,1305,345,2023-03-30,22:30,Delivered,Thursday,22,20,1378
3067,1126,370,2023-01-01,16:30,Delivered,Sunday,16,27,523
3068,1570,302,2023-05-09,18:30,Delivered,Tuesday,18,25,759
3069,2353,380,2023-09-10,14:00,Cancelled,Sunday,14,43,1691
3070,1804,322,2023-08-08,20:00,Delivered,Tuesday,20,52,1285
3071,2480,363,2023-03-14,12:00,Delivered,Tuesday,12,65,1610
3072,1305,367,2023-08-11,14:00,Cancelled,Friday,14,35,1411
3073,1671,339,2023-07-23,11:45,Delivered,Sunday,11,20,778
3074,1787,311,2023-09-10,15:15,Delivered,Sunday,15,56,1440
3075,2352,344,2023-06-29,20:00,Cancelled,Thursday,20,27,262
3076,1714,336,2023-10-19,12:30,Delivered,Thursday,12,45,1521
3077,2091,353,2023-03-02,18:00,Cancelled,Thursday,18,47,872
3078,1484,351,2023-10-15,15:45,Cancelled,Sunday,15,55,1067
3079,1439,370,2023-04-06,14:30,Delivered,Thursday,14,37,1631
3080,1071,305,2023-09-28,10:45,Delivered,Thursday,10,29,731
3081,1518,328,2023-09-10,17:45,Delivered,Sunday,17,52,1907
3082,1087,374,2023-08-11,22:15,Delivered,Friday,22,51,1408
3083,1605,319,2023-02-03,11:15,Delivered,Friday,11,26,1979
3084,2100,355,2023-09-04,13:00,Delivered,Monday,13,34,1937
3085,1918,389,2023-05-23,19:30,Delivered,Tuesday,19,21,854
3086,1684,372,2023-04-08,17:15,Cancelled,Saturday,17,66,1552
3087,1465,312,2023-07-03,13:00,Cancelled,Monday,13,37,1358
3088,1487,369,2023-01-28,21:30,Cancelled,Saturday,21,60,989
3089,1046,395,2023-11-04,19:15,Cancelled,Saturday,19,27,1106
3090,1936,344,2023-11-27,15:00,Cancelled,Monday,15,53,1136
3091,2221,327,2023-09-10,12:30,Delivered,Sunday,12,59,1286
3092,1720,349,2023-03-15,21:30,Delivered,Wednesday,21,67,895
3093,1333,388,2023-01-30,10:45,Delivered,Monday,10,39,223
3094,1994,380,2023-11-26,12:15,Delivered,Sunday,12,67,274
3095,2227,326,2023-04-01,20:15,Cancelled,Saturday,20,34,707
3096,1067,317,2023-04-06,21:30,Delivered,Thursday,21,25,1653
3097,2382,394,2023-06-30,19:30,Cancelled,Friday,19,66,1104
3098,1379,327,2023-09-10,11:45,Cancelled,Sunday,11,51,1212
3099,1418,322,2023-11-30,18:30,Delivered,Thursday,18,27,771
3100,1645,389,2023-12-18,14:00,Delivered,Monday,14,39,643
3101,1126,394,2023-03-30,11:15,Delivered,Thursday,11,66,1095
3102,2022,335,2023-12-27,15:00,Delivered,Wednesday,15,29,777
3103,1389,399,2023-06-04,14:15,Delivered,Sunday,14,41,1543
3104,1596,321,2023-12-31,10:30,Delivered,Sunday,10,45,1721
3105,2166,308,2023-09-23,18:45,Cancelled,Saturday,18,69,471
3106,1823,355,2023-12-01,22:15,Delivered,Friday,22,52,382
3107,1695,302,2023-11-02,19:30,Delivered,Thursday,19,45,1798
3108,1553,352,2023-01-11,17:15,Cancelled,Wednesday,17,34,1578
3109,1046,400,2023-08-10,13:00,Cancelled,Thursday,13,51,1589
3110,1530,381,2023-08-07,10:30,Delivered,Monday,10,45,1076
3111,1775,337,2023-05-29,17:45,Delivered,Monday,17,36,316
3112,2119,335,2023-09-03,20:00,Cancelled,Sunday,20,29,748
3113,2471,377,2023-01-17,17:45,Delivered,Tuesday,17,67,1618
3114,2031,324,2023-11-11,17:30,Delivered,Saturday,17,66,307
3115,1221,350,2023-08-20,22:00,Delivered,Sunday,22,24,1628
3116,1899,320,2023-11-23,20:30,Cancelled,Thursday,20,22,1422
3117,1772,325,2023-12-06,14:00,Delivered,Wednesday,14,68,751
3118,1325,341,2023-07-17,14:30,Cancelled,Monday,14,46,656
3119,2186,392,2023-10-21,21:45,Delivered,Saturday,21,34,1314
3120,1421,302,2023-06-27,10:00,Cancelled,Tuesday,10,60,265
3121,1049,323,2023-08-23,18:30,Cancelled,Wednesday,18,29,1090
3122,1788,327,2023-08-28,16:15,Cancelled,Monday,16,36,1420
3123,1822,328,2023-09-10,19:30,Delivered,Sunday,19,47,858
3124,2478,349,2023-12-27,22:15,Cancelled,Wednesday,22,39,288
3125,1948,368,2023-08-22,18:15,Cancelled,Tuesday,18,24,1712
3126,1247,348,2023-09-10,16:00,Delivered,Sunday,16,23,1757
3127,2489,361,2023-06-27,18:45,Cancelled,Tuesday,18,39,1272
3128,1030,384,2023-08-17,20:45,Delivered,Thursday,20,66,1073
3129,1531,363,2023-07-01,16:15,Cancelled,Saturday,16,28,890
3130,1533,366,2023-09-10,17:15,Delivered,Sunday,17,60,947
3131,2382,347,2023-01-14,15:15,Cancelled,Saturday,15,45,1602
3132,2047,321,2023-09-10,12:30,Cancelled,Sunday,12,60,1036
3133,1613,305,2023-04-10,13:00,Cancelled,Monday,13,65,1859
3134,2093,374,2023-11-18,13:30,Delivered,Saturday,13,42,663
3135,1773,326,2023-09-10,19:15,Cancelled,Sunday,19,36,1950
3136,2326,308,2023-09-10,14:00,Cancelled,Sunday,14,52,1377
3137,1463,321,2023-11-17,13:30,Cancelled,Friday,13,34,1624
3138,1731,367,2023-07-16,22:00,Delivered,Sunday,22,57,1180
3139,1639,376,2023-04-15,15:30,Delivered,Saturday,15,57,1367
3140,1494,371,2023-12-01,11:30,Cancelled,Friday,11,45,619
3141,1953,340,2023-07-18,12:15,Delivered,Tuesday,12,45,603
3142,1305,340,2023-08-07,12:30,Delivered,Monday,12,30,483
3143,1565,400,2023-09-06,22:00,Delivered,Wednesday,22,55,1130
3144,2173,377,2023-02-18,12:00,Delivered,Saturday,12,62,426
3145,2430,312,2023-03-30,10:15,Cancelled,Thursday,10,69,1367
3146,1839,307,2023-09-19,18:30,Delivered,Tuesday,18,44,1080
3147,1959,324,2023-05-12,10:30,Delivered,Friday,10,56,273
3148,1006,398,2023-08-24,15:45,Cancelled,Thursday,15,59,612
3149,1122,355,2023-09-10,19:30,Cancelled,Sunday,19,29,1225
3150,1664,386,2023-06-17,14:15,Cancelled,Saturday,14,45,1378
3151,1041,390,2023-05-31,20:30,Delivered,Wednesday,20,52,827
3152,2249,330,2023-05-01,22:45,Delivered,Monday,22,55,859
3153,1139,344,2023-03-22,19:45,Delivered,Wednesday,19,46,1174
3154,2089,318,2023-11-29,14:00,Delivered,Wednesday,14,63,1542
3155,2007,303,2023-07-24,14:00,Cancelled,Monday,14,23,1824
3156,1298,393,2023-10-29,20:00,Cancelled,Sunday,20,58,1137
3157,1083,360,2023-01-26,17:15,Delivered,Thursday,17,39,511
3158,2278,353,2023-06-17,17:15,Delivered,Saturday,17,37,206
3159,1735,310,2023-09-27,11:30,Delivered,Wednesday,11,63,1318
3160,1492,367,2023-07-13,14:15,Delivered,Thursday,14,21,288
3161,1817,391,2023-01-18,21:30,Delivered,Wednesday,21,46,915
3162,2171,360,2023-06-17,20:45,Cancelled,Saturday,20,67,533
3163,1869,351,2023-06-17,17:45,Delivered,Saturday,17,39,1359
3164,2026,398,2023-06-17,22:30,Delivered,Saturday,22,57,1135
3165,1912,341,2023-06-17,13:30,Delivered,Saturday,13,55,443
3166,1425,372,2023-04-01,20:00,Cancelled,Saturday,20,21,372
3167,1704,326,2023-05-30,10:45,Delivered,Tuesday,10,57,1507
3168,2079,360,2023-02-16,16:15,Cancelled,Thursday,16,58,1749
3169,2094,357,2023-06-17,14:00,Cancelled,Saturday,14,41,1658
3170,1004,373,2023-08-31,20:45,Delivered,Thursday,20,41,927
3171,1040,335,2023-04-29,12:00,Delivered,Saturday,12,20,1779
3172,1408,383,2023-03-25,17:15,Cancelled,Saturday,17,49,1664
3173,2111,377,2023-06-20,16:45,Delivered,Tuesday,16,43,306
3174,2360,381,2023-06-19,19:30,Delivered,Monday,19,27,935
3175,1024,327,2023-08-01,16:15,Cancelled,Tuesday,16,24,1396
3176,2295,331,2023-12-23,19:45,Cancelled,Saturday,19,45,1422
3177,2468,344,2023-02-23,20:30,Delivered,Thursday,20,21,935
3178,1827,345,2023-07-16,20:00,Cancelled,Sunday,20,40,554
3179,1622,301,2023-01-25,12:00,Cancelled,Wednesday,12,42,719
3180,1962,370,2023-06-17,20:45,Cancelled,Saturday,20,58,495
3181,2425,336,2023-05-05,22:30,Delivered,Friday,22,21,1011
3182,1954,376,2023-05-06,20:45,Delivered,Saturday,20,27,885
3183,1224,323,2023-06-29,20:15,Delivered,Thursday,20,46,1048
3184,2460,304,2023-03-13,16:30,Delivered,Monday,16,69,1317
3185,2058,356,2023-10-24,19:45,Delivered,Tuesday,19,39,1015
3186,1233,330,2023-04-03,22:45,Cancelled,Monday,22,64,1308
3187,2175,347,2023-07-08,18:00,Delivered,Saturday,18,21,1382
3188,1467,391,2023-05-28,14:45,Delivered,Sunday,14,32,1594
3189,2240,395,2023-12-02,16:15,Delivered,Saturday,16,20,1313
3190,1198,363,2023-09-17,10:30,Delivered,Sunday,10,30,363
3191,2244,334,2023-07-26,19:30,Delivered,Wednesday,19,20,1990
3192,1018,382,2023-09-07,12:30,Delivered,Thursday,12,25,1759
3193,2317,346,2023-03-24,19:45,Delivered,Friday,19,45,1940
3194,1547,331,2023-10-12,12:15,Delivered,Thursday,12,26,1606
3195,2373,321,2023-12-29,15:00,Cancelled,Friday,15,47,431
3196,1866,360,2023-06-17,19:00,Delivered,Saturday,19,22,298
3197,1819,382,2023-08-23,16:15,Delivered,Wednesday,16,67,1473
3198,1683,321,2023-12-09,21:30,Cancelled,Saturday,21,45,1190
3199,2078,302,2023-04-02,18:45,Cancelled,Sunday,18,32,264
3200,1827,311,2023-09-06,19:30,Delivered,Wednesday,19,69,1670
3201,1533,307,2023-03-04,13:45,Delivered,Saturday,13,45,1390
3202,1496,352,2023-11-20,15:15,Cancelled,Monday,15,46,1436
3203,1064,399,2023-01-12,10:00,Delivered,Thursday,10,32,1729
3204,1891,341,2023-03-27,16:15,Cancelled,Monday,16,52,333
3205,1329,366,2023-12-26,20:15,Delivered,Tuesday,20,68,463
3206,2031,344,2023-05-31,17:30,Delivered,Wednesday,17,25,1597
3207,2231,337,2023-10-15,12:15,Delivered,Sunday,12,38,617
3208,1989,369,2023-12-07,19:30,Delivered,Thursday,19,21,271
3209,2344,374,2023-01-21,10:15,Delivered,Saturday,10,67,1998
3210,1818,363,2023-09-12,15:45,Cancelled,Tuesday,15,59,1477
3211,1714,301,2023-04-30,16:30,Delivered,Sunday,16,40,1978
3212,2372,367,2023-04-10,11:15,Delivered,Monday,11,45,1464
3213,1964,309,2023-04-06,20:30,Delivered,Thursday,20,31,943
3214,1288,398,2023-10-20,17:45,Delivered,Friday,17,28,1714
3215,1404,376,2023-06-09,19:30,Cancelled,Friday,19,48,1112
3216,1611,333,2023-06-17,10:30,Delivered,Saturday,10,56,1289
3217,1649,343,2023-12-02,15:45,Delivered,Saturday,15,70,893
3218,2223,333,2023-01-14,21:15,Delivered,Saturday,21,66,953
3219,2271,361,2023-06-17,12:15,Cancelled,Saturday,12,45,1463
3220,1178,348,2023-05-05,10:00,Delivered,Friday,10,36,1432
3221,1765,326,2023-10-29,19:45,Delivered,Sunday,19,45,430
3222,2049,305,2023-11-24,19:00,Delivered,Friday,19,42,419
3223,1498,318,2023-05-06,17:30,Delivered,Saturday,17,25,1704
3224,2459,375,2023-07-26,11:30,Delivered,Wednesday,11,34,541
3225,2253,385,2023-12-03,12:15,Delivered,Sunday,12,45,459
3226,2431,320,2023-10-23,21:45,Delivered,Monday,21,34,216
3227,2037,382,2023-12-15,15:15,Delivered,Friday,15,43,340
3228,1242,396,2023-11-12,22:30,Delivered,Sunday,22,64,584
3229,1122,383,2023-06-17,15:00,Cancelled,Saturday,15,38,867
3230,1204,310,2023-01-15,11:45,Delivered,Sunday,11,40,1719
3231,1910,315,2023-09-17,18:15,Delivered,Sunday,18,66,1575
3232,2350,388,2023-09-06,10:30,Delivered,Wednesday,10,55,1391
3233,1002,369,2023-08-09,15:30,Cancelled,Wednesday,15,45,1593
3234,2423,366,2023-08-19,19:15,Delivered,Saturday,19,47,1688
3235,1135,302,2023-02-26,21:45,Delivered,Sunday,21,53,1472
3236,1846,378,2023-04-04,21:00,Delivered,Tuesday,21,42,850
3237,2204,373,2023-06-17,15:45,Delivered,Saturday,15,34,408
3238,1840,399,2023-05-13,19:45,Delivered,Saturday,19,23,1118
3239,1966,386,2023-07-04,21:15,Delivered,Tuesday,21,54,1225
3240,2200,302,2023-01-16,22:00,Delivered,Monday,22,45,309
3241,2182,356,2023-10-05,19:00,Delivered,Thursday,19,38,1357
3242,2251,375,2023-06-17,15:30,Delivered,Saturday,15,35,943
3243,1454,333,2023-07-23,10:15,Delivered,Sunday,10,66,1181
3244,1721,367,2023-11-07,11:15,Cancelled,Tuesday,11,34,1525
3245,1773,365,2023-08-15,15:30,Delivered,Tuesday,15,64,1064
3246,2358,391,2023-05-31,21:00,Cancelled,Wednesday,21,35,484
3247,1063,368,2023-09-25,13:45,Delivered,Monday,13,29,1625
3248,1716,317,2023-02-02,19:00,Delivered,Thursday,19,61,1463
3249,2470,358,2023-04-12,20:15,Cancelled,Wednesday,20,54,1948
3250,1625,373,2023-11-06,20:45,Delivered,Monday,20,26,653
3251,1689,323,2023-09-05,17:00,Cancelled,Tuesday,17,49,1448
3252,2071,338,2023-03-03,21:30,Cancelled,Friday,21,52,364
3253,2333,396,2023-05-29,20:15,Cancelled,Monday,20,42,1240
3254,2194,396,2023-05-02,17:00,Cancelled,Tuesday,17,68,259
3255,2116,386,2023-03-28,13:30,Delivered,Tuesday,13,28,991
3256,2116,383,2023-02-15,20:00,Cancelled,Wednesday,20,36,370
3257,1358,388,2023-07-27,11:45,Delivered,Thursday,11,68,671
3258,2469,394,2023-05-29,18:00,Delivered,Monday,18,51,1681
3259,2475,373,2023-05-20,22:00,Delivered,Saturday,22,54,1862
3260,1622,377,2023-04-20,20:45,Cancelled,Thursday,20,45,267
3261,1189,354,2023-09-23,17:45,Cancelled,Saturday,17,29,1734
3262,1543,329,2023-09-07,16:30,Delivered,Thursday,16,65,440
3263,1509,331,2023-07-20,13:00,Delivered,Thursday,13,60,932
3264,1082,353,2023-09-08,21:00,Delivered,Friday,21,47,1291
3265,2295,333,2023-05-26,18:00,Delivered,Friday,18,34,1761
3266,1987,316,2023-11-11,20:15,Delivered,Saturday,20,49,505
3267,1765,397,2023-05-15,12:30,Cancelled,Monday,12,49,1746
3268,1369,322,2023-12-12,18:30,Cancelled,Tuesday,18,44,597
3269,1022,392,2023-09-29,20:15,Delivered,Friday,20,37,707
3270,2063,313,2023-07-11,21:00,Cancelled,Tuesday,21,62,834
3271,1673,303,2023-05-09,10:00,Delivered,Tuesday,10,41,679
3272,1386,322,2023-02-11,21:00,Cancelled,Saturday,21,30,217
3273,1920,323,2023-04-16,17:15,Cancelled,Sunday,17,60,1710
3274,2481,396,2023-02-07,19:30,Delivered,Tuesday,19,29,1360
3275,2105,357,2023-06-20,17:45,Delivered,Tuesday,17,70,1443
3276,2114,378,2023-04-16,13:00,Delivered,Sunday,13,45,1629
3277,2184,343,2023-01-24,19:45,Delivered,Tuesday,19,46,1194
3278,1027,303,2023-07-30,10:30,Delivered,Sunday,10,57,1995
3279,2454,354,2023-06-13,21:00,Delivered,Tuesday,21,66,716
3280,2154,350,2023-12-03,21:15,Cancelled,Sunday,21,23,1895
3281,1118,373,2023-05-27,16:30,Cancelled,Saturday,16,58,1012
3282,2169,359,2023-11-07,12:45,Cancelled,Tuesday,12,45,1253
3283,1922,303,2023-07-27,11:00,Delivered,Thursday,11,53,1044
3284,1103,324,2023-10-18,20:45,Cancelled,Wednesday,20,66,1073
3285,1977,306,2023-12-03,20:00,Delivered,Sunday,20,68,1600
3286,1065,387,2023-10-10,12:15,Delivered,Tuesday,12,36,1908
3287,1290,352,2023-02-02,20:45,Delivered,Thursday,20,35,1095
3288,2051,354,2023-10-29,13:45,Delivered,Sunday,13,20,906
3289,1716,322,2023-12-26,19:15,Delivered,Tuesday,19,56,271
3290,1261,344,2023-04-28,11:15,Cancelled,Friday,11,39,1975
3291,2420,390,2023-08-02,15:15,Delivered,Wednesday,15,23,929
3292,1911,373,2023-12-08,19:00,Delivered,Friday,19,44,1015
3293,1188,366,2023-11-08,22:30,Delivered,Wednesday,22,65,612
3294,2410,355,2023-03-14,19:45,Delivered,Tuesday,19,28,1630
3295,1704,346,2023-06-25,12:30,Cancelled,Sunday,12,36,1888
3296,1635,360,2023-09-01,12:45,Delivered,Friday,12,49,828
3297,2411,321,2023-07-11,18:45,Cancelled,Tuesday,18,21,1868
3298,2379,305,2023-01-20,10:00,Delivered,Friday,10,55,1283
3299,2001,370,2023-12-30,15:45,Delivered,Saturday,15,67,646
3300,1923,337,2023-09-26,13:15,Delivered,Tuesday,13,32,285
3301,1148,396,2023-06-01,11:00,Delivered,Thursday,11,48,560
3302,1700,353,2023-10-19,22:15,Cancelled,Thursday,22,45,1344
3303,1900,356,2023-12-20,21:15,Cancelled,Wednesday,21,24,1813
3304,2324,320,2023-11-10,20:45,Delivered,Friday,20,47,513
3305,1606,336,2023-02-03,21:30,Cancelled,Friday,21,23,1198
3306,2283,373,2023-01-19,10:45,Delivered,Thursday,10,40,1662
3307,1743,386,2023-06-02,12:00,Delivered,Friday,12,69,1061
3308,1363,360,2023-03-27,14:15,Delivered,Monday,14,47,1284
3309,1309,319,2023-05-02,13:15,Cancelled,Tuesday,13,32,1202
3310,2322,374,2023-10-22,16:15,Delivered,Sunday,16,45,230
3311,1136,358,2023-04-21,20:00,Delivered,Friday,20,50,1851
3312,1441,366,2023-05-02,21:30,Cancelled,Tuesday,21,64,1708
3313,2484,392,2023-02-14,20:15,Delivered,Tuesday,20,55,1455
3314,1215,345,2023-03-04,12:30,Delivered,Saturday,12,48,1170
3315,2322,394,2023-11-12,19:30,Cancelled,Sunday,19,33,1756
3316,2114,320,2023-05-02,15:00,Delivered,Tuesday,15,58,1270
3317,2337,356,2023-05-02,17:45,Delivered,Tuesday,17,70,496
3318,2242,357,2023-11-27,17:30,Delivered,Monday,17,59,1680
3319,2500,326,2023-01-02,18:00,Cancelled,Monday,18,64,1524
3320,1758,392,2023-12-31,19:00,Delivered,Sunday,19,32,1059
3321,1816,334,2023-07-12,20:15,Delivered,Wednesday,20,55,1666
3322,1569,344,2023-05-02,22:45,Cancelled,Tuesday,22,52,349
3323,2266,346,2023-04-12,19:00,Delivered,Wednesday,19,21,1784
3324,2226,385,2023-11-25,18:15,Cancelled,Saturday,18,23,1758
3325,2491,325,2023-08-14,12:45,Delivered,Monday,12,30,1300
3326,1542,307,2023-05-02,19:45,Delivered,Tuesday,19,35,1743
3327,2315,377,2023-03-19,16:30,Delivered,Sunday,16,45,281
3328,1745,346,2023-12-13,13:00,Cancelled,Wednesday,13,28,1387
3329,1937,366,2023-05-02,18:00,Cancelled,Tuesday,18,50,1812
3330,1054,336,2023-09-20,19:00,Delivered,Wednesday,19,66,1238
3331,1886,345,2023-01-15,22:15,Cancelled,Sunday,22,60,378
3332,1936,379,2023-12-17,16:15,Cancelled,Sunday,16,36,1342
3333,1340,341,2023-03-22,17:30,Cancelled,Wednesday,17,35,1907
3334,2151,329,2023-06-02,10:00,Cancelled,Friday,10,45,929
3335,1471,338,2023-10-13,21:45,Cancelled,Friday,21,45,1872
3336,2089,317,2023-04-04,18:30,Cancelled,Tuesday,18,24,1045
3337,2186,398,2023-02-06,12:30,Cancelled,Monday,12,52,420
3338,1890,351,2023-10-10,14:30,Delivered,Tuesday,14,67,530
3339,2185,382,2023-07-04,14:30,Delivered,Tuesday,14,51,891
3340,1242,329,2023-10-11,14:45,Delivered,Wednesday,14,44,1858
3341,2107,344,2023-11-21,16:45,Delivered,Tuesday,16,33,1660
3342,1072,325,2023-03-13,20:30,Delivered,Monday,20,63,1795
3343,1874,331,2023-12-27,12:30,Delivered,Wednesday,12,47,897
3344,1234,376,2023-12-02,15:45,Delivered,Saturday,15,29,938
3345,2305,321,2023-12-31,12:45,Cancelled,Sunday,12,27,1479
3346,1072,320,2023-06-10,18:45,Delivered,Saturday,18,34,255
3347,1946,344,2023-05-02,15:15,Delivered,Tuesday,15,45,990
3348,1173,302,2023-06-12,17:45,Delivered,Monday,17,41,1782
3349,2499,340,2023-11-12,22:15,Cancelled,Sunday,22,40,203
3350,1491,310,2023-05-25,14:30,Delivered,Thursday,14,32,1242
3351,1748,352,2023-09-18,13:30,Delivered,Monday,13,51,1480
3352,2046,330,2023-04-16,17:15,Delivered,Sunday,17,43,271
3353,1594,350,2023-05-02,18:30,Delivered,Tuesday,18,64,1196
3354,1704,329,2023-11-27,20:45,Delivered,Monday,20,43,912
3355,1390,333,2023-10-08,19:45,Cancelled,Sunday,19,64,886
3356,1885,333,2023-09-09,11:45,Delivered,Saturday,11,41,667
3357,2221,337,2023-02-27,21:15,Cancelled,Monday,21,51,899
3358,1539,383,2023-09-26,21:45,Delivered,Tuesday,21,59,847
3359,1882,363,2023-05-27,22:15,Cancelled,Saturday,22,57,1946
3360,2117,344,2023-05-23,19:30,Delivered,Tuesday,19,36,770
3361,2301,357,2023-01-18,10:45,Delivered,Wednesday,10,58,563
3362,1459,328,2023-11-17,16:30,Delivered,Friday,16,37,1592
3363,2346,324,2023-09-25,14:00,Cancelled,Monday,14,54,1231
3364,2351,358,2023-12-14,12:15,Delivered,Thursday,12,45,552
3365,1067,308,2023-10-27,19:30,Delivered,Friday,19,45,1378
3366,2393,379,2023-01-16,10:30,Cancelled,Monday,10,64,1528
3367,2348,370,2023-05-18,10:00,Delivered,Thursday,10,46,1518
3368,1439,329,2023-01-02,22:15,Cancelled,Monday,22,23,685
3369,1817,326,2023-10-14,22:00,Cancelled,Saturday,22,24,1534
3370,2311,366,2023-05-24,18:00,Delivered,Wednesday,18,54,1893
3371,1797,398,2023-05-30,16:00,Delivered,Tuesday,16,47,1020
3372,1536,386,2023-08-28,14:15,Delivered,Monday,14,30,222
3373,2390,377,2023-09-02,21:15,Delivered,Saturday,21,40,1462
3374,2189,338,2023-02-07,12:15,Delivered,Tuesday,12,60,1427
3375,2255,351,2023-10-26,16:00,Delivered,Thursday,16,52,913
3376,2383,383,2023-06-21,13:30,Delivered,Wednesday,13,45,1505
3377,1868,358,2023-03-19,16:45,Cancelled,Sunday,16,31,1392
3378,2217,389,2023-06-24,10:45,Cancelled,Saturday,10,21,221
3379,1507,304,2023-03-19,16:00,Cancelled,Sunday,16,58,430
3380,2238,350,2023-05-25,19:45,Cancelled,Thursday,19,45,1649
3381,1800,361,2023-06-02,16:30,Delivered,Friday,16,45,257
3382,1038,357,2023-03-25,18:45,Delivered,Saturday,18,64,325
3383,2455,356,2023-01-11,12:15,Cancelled,Wednesday,12,69,315
3384,1922,349,2023-09-07,12:15,Delivered,Thursday,12,56,1915
3385,1144,369,2023-05-20,18:45,Delivered,Saturday,18,32,336
3386,1534,343,2023-01-12,18:45,Delivered,Thursday,18,23,1908
3387,1356,306,2023-01-04,16:00,Cancelled,Wednesday,16,44,1184
3388,1050,390,2023-08-25,20:00,Delivered,Friday,20,64,1157
3389,1166,317,2023-12-28,18:45,Cancelled,Thursday,18,60,1685
3390,1040,333,2023-09-23,21:30,Delivered,Saturday,21,42,1656
3391,1348,325,2023-09-01,20:00,Cancelled,Friday,20,37,1854
3392,1098,371,2023-10-09,22:45,Delivered,Monday,22,45,977
3393,1143,309,2023-08-16,11:00,Delivered,Wednesday,11,45,686
3394,2021,372,2023-10-26,20:15,Delivered,Thursday,20,52,852
3395,1045,364,2023-12-26,10:00,Cancelled,Tuesday,10,45,1306
3396,1102,387,2023-03-15,14:15,Delivered,Wednesday,14,54,848
3397,2009,397,2023-07-19,22:45,Delivered,Wednesday,22,58,1660
3398,1517,387,2023-02-12,10:30,Delivered,Sunday,10,47,445
3399,1353,388,2023-12-31,12:30,Delivered,Sunday,12,27,446
3400,1987,374,2023-02-23,13:30,Delivered,Thursday,13,41,1378
3401,1827,384,2023-07-05,17:00,Delivered,Wednesday,17,28,1803
3402,1445,380,2023-11-16,22:00,Delivered,Thursday,22,52,1971
3403,2135,376,2023-09-17,16:15,Delivered,Sunday,16,69,1341
3404,1457,369,2023-09-15,20:00,Delivered,Friday,20,47,1962
3405,1553,375,2023-06-25,11:00,Cancelled,Sunday,11,62,1032
3406,2067,385,2023-01-07,13:00,Delivered,Saturday,13,45,1600
3407,1669,390,2023-05-14,13:00,Delivered,Sunday,13,45,1009
3408,1050,375,2023-01-12,21:00,Delivered,Thursday,21,47,936
3409,1307,357,2023-07-05,17:00,Delivered,Wednesday,17,33,1795
3410,1944,395,2023-04-16,19:45,Cancelled,Sunday,19,23,1465
3411,2078,322,2023-06-30,21:45,Cancelled,Friday,21,58,922
3412,1675,334,2023-12-07,12:00,Delivered,Thursday,12,37,1167
3413,1251,389,2023-03-03,16:15,Delivered,Friday,16,45,308
3414,1619,331,2023-06-26,12:00,Delivered,Monday,12,60,1532
3415,2260,397,2023-04-11,17:30,Delivered,Tuesday,17,26,538
3416,2281,344,2023-03-12,21:00,Delivered,Sunday,21,37,1419
3417,1882,392,2023-03-15,22:00,Delivered,Wednesday,22,55,1224
3418,1879,382,2023-03-09,12:00,Delivered,Thursday,12,36,1231
3419,2136,373,2023-08-26,13:15,Delivered,Saturday,13,70,1845
3420,1908,388,2023-10-02,19:00,Delivered,Monday,19,45,1204
3421,1020,304,2023-09-14,15:00,Delivered,Thursday,15,45,641
3422,1606,378,2023-05-20,12:15,Cancelled,Saturday,12,51,298
3423,1450,341,2023-07-06,22:45,Delivered,Thursday,22,29,1701
3424,2285,347,2023-07-15,17:00,Cancelled,Saturday,17,56,920
3425,2319,310,2023-01-06,11:45,Delivered,Friday,11,43,371
3426,2225,304,2023-11-03,19:00,Cancelled,Friday,19,66,1013
3427,1922,367,2023-03-19,21:45,Cancelled,Sunday,21,34,942
3428,1082,304,2023-08-15,18:30,Cancelled,Tuesday,18,28,845
3429,1370,334,2023-03-19,10:00,Delivered,Sunday,10,25,1988
3430,1925,348,2023-06-15,12:15,Delivered,Thursday,12,58,253
3431,1462,320,2023-02-18,11:45,Cancelled,Saturday,11,63,1482
3432,1334,376,2023-11-24,11:15,Cancelled,Friday,11,66,1539
3433,2463,397,2023-06-11,14:30,Delivered,Sunday,14,45,470
3434,2191,307,2023-06-08,22:00,Delivered,Thursday,22,45,1022
3435,1230,370,2023-03-29,17:15,Delivered,Wednesday,17,67,1937
3436,2322,363,2023-03-21,12:15,Delivered,Tuesday,12,26,317
3437,1064,308,2023-10-20,20:15,Delivered,Friday,20,33,1024
3438,2470,365,2023-01-26,20:00,Cancelled,Thursday,20,55,1088
3439,1658,345,2023-08-27,10:30,Delivered,Sunday,10,38,314
3440,1841,385,2023-07-27,13:30,Delivered,Thursday,13,56,330
3441,1726,323,2023-10-16,15:00,Cancelled,Monday,15,65,766
3442,2468,387,2023-04-02,11:30,Cancelled,Sunday,11,43,1353
3443,2482,375,2023-08-03,20:15,Delivered,Thursday,20,42,1576
3444,1215,367,2023-06-27,10:45,Delivered,Tuesday,10,20,1634
3445,1607,328,2023-06-28,17:15,Cancelled,Wednesday,17,51,904
3446,2036,374,2023-06-11,20:00,Delivered,Sunday,20,45,923
3447,1298,377,2023-06-28,18:15,Delivered,Wednesday,18,26,1009
3448,1508,378,2023-07-15,18:00,Cancelled,Saturday,18,40,1045
3449,1758,357,2023-08-24,22:15,Delivered,Thursday,22,20,1028
3450,1552,316,2023-06-25,22:15,Cancelled,Sunday,22,45,925
3451,1292,333,2023-09-23,17:15,Delivered,Saturday,17,50,672
3452,1350,381,2023-06-03,14:00,Delivered,Saturday,14,34,1187
3453,1403,307,2023-01-20,20:30,Delivered,Friday,20,53,572
3454,2000,365,2023-10-25,12:00,Delivered,Wednesday,12,31,698
3455,2378,331,2023-09-26,14:00,Delivered,Tuesday,14,29,909
3456,1917,386,2023-10-21,14:30,Delivered,Saturday,14,26,1210
3457,1729,311,2023-05-30,12:00,Delivered,Tuesday,12,55,489
3458,2465,345,2023-10-20,20:45,Cancelled,Friday,20,46,526
3459,1464,369,2023-12-25,20:45,Cancelled,Monday,20,45,444
3460,2344,394,2023-08-22,22:45,Cancelled,Tuesday,22,60,1619
3461,2432,341,2023-05-03,12:45,Cancelled,Wednesday,12,44,259
3462,1295,360,2023-01-11,21:15,Delivered,Wednesday,21,34,391
3463,1391,350,2023-11-10,20:30,Cancelled,Friday,20,27,1329
3464,1405,344,2023-11-26,16:00,Cancelled,Sunday,16,48,662
3465,1468,364,2023-06-12,15:45,Delivered,Monday,15,20,601
3466,1625,353,2023-07-13,13:15,Delivered,Thursday,13,34,1184
3467,2403,386,2023-04-11,12:15,Cancelled,Tuesday,12,45,1732
3468,1239,358,2023-08-25,16:30,Delivered,Friday,16,45,1736
3469,1026,319,2023-12-12,11:15,Cancelled,Tuesday,11,59,1499
3470,1697,305,2023-01-15,11:30,Delivered,Sunday,11,65,981
3471,1929,354,2023-05-08,17:30,Cancelled,Monday,17,45,443
3472,1155,328,2023-12-23,12:00,Delivered,Saturday,12,37,509
3473,1518,305,2023-05-18,22:30,Delivered,Thursday,22,49,803
3474,1051,392,2023-06-21,22:45,Cancelled,Wednesday,22,29,1185
3475,1578,338,2023-10-03,14:00,Delivered,Tuesday,14,45,1975
3476,1387,365,2023-09-05,14:15,Delivered,Tuesday,14,67,1350
3477,2198,359,2023-10-07,18:30,Cancelled,Saturday,18,33,911
3478,2090,339,2023-05-29,18:45,Delivered,Monday,18,28,573
3479,2376,364,2023-05-13,18:30,Delivered,Saturday,18,32,1634
3480,1461,393,2023-05-11,10:15,Delivered,Thursday,10,25,1984
3481,2211,302,2023-03-19,11:45,Delivered,Sunday,11,57,1938
3482,2316,324,2023-12-01,21:00,Delivered,Friday,21,45,768
3483,1099,332,2023-04-26,20:00,Cancelled,Wednesday,20,32,1329
3484,2382,326,2023-05-17,14:15,Delivered,Wednesday,14,33,345
3485,1802,308,2023-02-16,10:45,Delivered,Thursday,10,45,595
3486,1986,308,2023-02-07,16:15,Delivered,Tuesday,16,23,743
3487,2462,380,2023-04-25,15:00,Delivered,Tuesday,15,36,1034
3488,1005,397,2023-04-24,16:15,Delivered,Monday,16,32,1768
3489,1065,304,2023-03-19,14:45,Cancelled,Sunday,14,40,1893
3490,2103,333,2023-10-27,11:00,Cancelled,Friday,11,26,1990
3491,1201,392,2023-02-22,14:45,Delivered,Wednesday,14,44,980
3492,1535,317,2023-11-15,13:45,Delivered,Wednesday,13,39,245
3493,1883,337,2023-02-02,22:00,Delivered,Thursday,22,54,543
3494,1033,323,2023-06-23,16:15,Cancelled,Friday,16,45,1330
3495,2287,356,2023-06-03,16:30,Cancelled,Saturday,16,25,755
3496,1606,349,2023-04-14,12:30,Delivered,Friday,12,61,1295
3497,1083,380,2023-04-10,21:45,Cancelled,Monday,21,54,558
3498,2244,374,2023-03-19,17:45,Cancelled,Sunday,17,54,1852
3499,2150,340,2023-10-10,18:30,Delivered,Tuesday,18,60,419
3500,1033,372,2023-04-11,15:00,Cancelled,Tuesday,15,20,941
