payment_id,order_id,payment_method,payment_status,payment_date,amount_paid
5001,2001,CASH,Success,09-06-2023,589
5002,2002,UPI,Failed,15-10-2023,1754
5003,2003,CARD,Failed,26-10-2023,1157
5004,2004,UPI,Success,22-01-2023,1234
5005,2005,CARD,Failed,22-01-2023,204
5006,2006,CASH,Success,06-10-2023,1753
5007,2007,CASH,Success,25-08-2023,983
5008,2008,CASH,Failed,14-12-2023,1931
5009,2009,UPI,Success,29-12-2023,960
5010,2010,CASH,Failed,22-01-2023,1502
5011,2011,CASH,Success,22-01-2023,1699
5012,2012,UPI,Success,07-10-2023,966
5013,2013,CASH,Failed,12-09-2023,1715
5014,2014,CARD,Success,20-02-2023,1788
5015,2015,CARD,Success,02-07-2023,1816
5016,2016,UPI,Success,05-09-2023,1082
5017,2017,CARD,Success,20-05-2023,1427
5018,2018,UPI,Success,09-06-2023,1123
5019,2019,CASH,Success,14-07-2023,1469
5020,2020,CARD,Success,25-02-2023,287
5021,2021,UPI,Success,22-01-2023,895
5022,2022,CARD,Success,11-05-2023,552
5023,2023,UPI,Failed,10-08-2023,781
5024,2024,CASH,Success,04-03-2023,880
5025,2025,CASH,Success,02-12-2023,1091
5026,2026,CASH,Success,21-04-2023,381
5027,2027,CASH,Failed,22-01-2023,1577
5028,2028,CARD,Failed,12-10-2023,275
5029,2029,CASH,Success,06-01-2023,1711
5030,2030,CARD,Success,22-01-2023,1686
5031,2031,UPI,Success,30-08-2023,273
5032,2032,UPI,Failed,12-06-2023,480
5033,2033,CASH,Success,13-02-2023,1394
5034,2034,CASH,Success,04-07-2023,577
5035,2035,CARD,Success,13-02-2023,1634
5036,2036,CASH,Success,12-06-2023,1411
5037,2037,CASH,Failed,22-01-2023,746
5038,2038,CASH,Success,25-12-2023,1898
5039,2039,UPI,Success,23-04-2023,1934
5040,2040,CARD,Success,02-10-2023,225
5041,2041,CARD,Success,18-05-2023,445
5042,2042,CARD,Failed,08-02-2023,1844
5043,2043,UPI,Success,20-12-2023,1830
5044,2044,CARD,Success,22-01-2023,602
5045,2045,CARD,Failed,03-11-2023,1207
5046,2046,CASH,Success,22-01-2023,281
5047,2047,CASH,Failed,08-02-2023,886
5048,2048,CASH,Success,10-08-2023,948
5049,2049,CASH,Success,03-01-2023,1206
5050,2050,CASH,Failed,28-12-2023,783
5051,2051,CASH,Success,12-09-2023,1952
5052,2052,UPI,Success,15-09-2023,385
5053,2053,CASH,Failed,28-10-2023,374
5054,2054,CASH,Failed,26-06-2023,1931
5055,2055,CASH,Success,12-05-2023,1001
5056,2056,UPI,Success,24-12-2023,365
5057,2057,CARD,Success,08-04-2023,1975
5058,2058,CASH,Success,22-01-2023,1060
5059,2059,CARD,Success,02-02-2023,1081
5060,2060,CASH,Success,13-07-2023,523
5061,2061,CASH,Failed,22-01-2023,1853
5062,2062,CARD,Failed,17-10-2023,440
5063,2063,CASH,Success,23-04-2023,1398
5064,2064,CARD,Failed,24-10-2023,1404
5065,2065,UPI,Success,30-09-2023,1681
5066,2066,CASH,Failed,27-04-2023,1523
5067,2067,CARD,Success,08-02-2023,1948
5068,2068,CASH,Success,04-02-2023,1980
5069,2069,CARD,Success,09-01-2023,825
5070,2070,CASH,Success,26-02-2023,1549
5071,2071,CARD,Failed,03-10-2023,1918
5072,2072,UPI,Success,08-03-2023,1620
5073,2073,CASH,Failed,09-07-2023,1569
5074,2074,CASH,Success,26-11-2023,1494
5075,2075,UPI,Success,28-02-2023,315
5076,2076,CASH,Failed,05-10-2023,1818
5077,2077,CASH,Success,23-08-2023,1817
5078,2078,CARD,Success,22-01-2023,1036
5079,2079,CARD,Success,09-10-2023,1891
5080,2080,CARD,Success,23-06-2023,202
5081,2081,CASH,Success,25-01-2023,226
5082,2082,CASH,Failed,14-05-2023,746
5083,2083,CASH,Success,29-11-2023,562
5084,2084,UPI,Failed,22-01-2023,1774
5085,2085,UPI,Failed,06-07-2023,472
5086,2086,UPI,Success,22-01-2023,1693
5087,2087,CASH,Success,04-05-2023,1917
5088,2088,CARD,Failed,24-12-2023,223
5089,2089,UPI,Success,03-09-2023,697
5090,2090,UPI,Success,29-11-2023,1361
5091,2091,UPI,Failed,21-09-2023,318
5092,2092,CASH,Success,01-04-2023,664
5093,2093,CASH,Failed,29-08-2023,1086
5094,2094,CARD,Success,24-06-2023,1866
5095,2095,CARD,Success,01-01-2023,436
5096,2096,UPI,Success,11-01-2023,1091
5097,2097,UPI,Failed,16-03-2023,771
5098,2098,CASH,Failed,22-04-2023,512
5099,2099,UPI,Failed,22-01-2023,1705
5100,2100,CASH,Success,26-04-2023,1350
5101,2101,CASH,Failed,23-07-2023,354
5102,2102,CARD,Failed,03-04-2023,979
5103,2103,CASH,Success,22-01-2023,1006
5104,2104,CASH,Success,22-12-2023,972
5105,2105,CASH,Failed,28-12-2023,1498
5106,2106,CARD,Success,22-03-2023,1692
5107,2107,UPI,Failed,12-12-2023,1646
5108,2108,UPI,Failed,06-05-2023,914
5109,2109,CASH,Failed,13-03-2023,1501
5110,2110,UPI,Failed,07-03-2023,1385
5111,2111,CARD,Success,23-10-2023,1732
5112,2112,UPI,Failed,28-11-2023,1592
5113,2113,CASH,Success,30-12-2023,1600
5114,2114,CASH,Success,30-04-2023,1227
5115,2115,CARD,Success,07-06-2023,1894
5116,2116,CASH,Success,22-08-2023,1328
5117,2117,CARD,Success,10-01-2023,1558
5118,2118,CASH,Failed,03-10-2023,1070
5119,2119,UPI,Success,28-11-2023,514
5120,2120,CASH,Failed,17-11-2023,563
5121,2121,UPI,Failed,12-08-2023,1709
5122,2122,CASH,Success,25-04-2023,1880
5123,2123,UPI,Success,19-11-2023,1225
5124,2124,CASH,Failed,07-11-2023,1298
5125,2125,UPI,Failed,23-12-2023,1879
5126,2126,UPI,Failed,06-09-2023,1144
5127,2127,UPI,Success,22-01-2023,1581
5128,2128,CASH,Success,22-08-2023,1981
5129,2129,UPI,Success,18-04-2023,358
5130,2130,CASH,Success,27-01-2023,261
5131,2131,CASH,Success,06-12-2023,494
5132,2132,CASH,Failed,05-08-2023,1300
5133,2133,UPI,Failed,24-12-2023,1876
5134,2134,CASH,Failed,22-01-2023,207
5135,2135,CASH,Success,04-10-2023,701
5136,2136,CASH,Success,25-12-2023,550
5137,2137,UPI,Success,22-01-2023,237
5138,2138,CASH,Success,27-08-2023,425
5139,2139,CASH,Failed,20-06-2023,1803
5140,2140,CASH,Failed,21-03-2023,676
5141,2141,UPI,Success,18-07-2023,1312
5142,2142,CASH,Success,28-02-2023,923
5143,2143,CASH,Success,21-05-2023,227
5144,2144,CASH,Success,08-07-2023,243
5145,2145,CASH,Failed,24-06-2023,840
5146,2146,CASH,Success,22-01-2023,1777
5147,2147,UPI,Success,29-10-2023,616
5148,2148,CARD,Success,01-03-2023,968
5149,2149,CARD,Success,20-08-2023,455
5150,2150,UPI,Failed,03-09-2023,1014
5151,2151,UPI,Failed,31-01-2023,1633
5152,2152,CARD,Success,08-06-2023,863
5153,2153,UPI,Success,24-11-2023,1116
5154,2154,CASH,Success,14-12-2023,1210
5155,2155,UPI,Failed,08-04-2023,1632
5156,2156,UPI,Success,27-12-2023,1758
5157,2157,CASH,Success,14-03-2023,396
5158,2158,CASH,Failed,25-05-2023,842
5159,2159,CASH,Success,14-10-2023,544
5160,2160,CARD,Failed,25-10-2023,1356
5161,2161,CASH,Success,23-12-2023,1074
5162,2162,CARD,Success,09-09-2023,1364
5163,2163,UPI,Failed,04-10-2023,1603
5164,2164,CARD,Success,28-07-2023,1944
5165,2165,CASH,Success,29-04-2023,1540
5166,2166,CARD,Success,22-05-2023,227
5167,2167,CASH,Success,03-03-2023,728
5168,2168,CASH,Failed,22-01-2023,573
5169,2169,CASH,Failed,19-11-2023,242
5170,2170,CASH,Success,19-11-2023,1854
5171,2171,CARD,Failed,27-10-2023,1709
5172,2172,CARD,Success,11-02-2023,1394
5173,2173,CARD,Success,22-07-2023,812
5174,2174,CASH,Failed,16-04-2023,801
5175,2175,UPI,Success,13-08-2023,1521
5176,2176,CASH,Success,07-01-2023,714
5177,2177,UPI,Success,27-09-2023,1781
5178,2178,CARD,Success,12-08-2023,740
5179,2179,CASH,Success,17-04-2023,1392
5180,2180,CASH,Failed,12-03-2023,1014
5181,2181,UPI,Success,03-05-2023,423
5182,2182,UPI,Success,18-02-2023,899
5183,2183,UPI,Success,09-07-2023,949
5184,2184,CARD,Success,01-12-2023,648
5185,2185,UPI,Success,22-02-2023,1799
5186,2186,UPI,Failed,01-09-2023,1987
5187,2187,CARD,Success,04-01-2023,777
5188,2188,CASH,Success,01-03-2023,471
5189,2189,CASH,Failed,16-12-2023,1741
5190,2190,CASH,Success,26-08-2023,980
5191,2191,CARD,Success,26-12-2023,1905
5192,2192,CASH,Success,21-12-2023,595
5193,2193,CASH,Failed,26-03-2023,962
5194,2194,CASH,Success,19-04-2023,1050
5195,2195,CASH,Success,04-08-2023,1921
5196,2196,UPI,Failed,26-05-2023,983
5197,2197,UPI,Failed,10-12-2023,1491
5198,2198,CASH,Success,14-08-2023,996
5199,2199,UPI,Failed,22-01-2023,531
5200,2200,CASH,Success,31-12-2023,288
5201,2201,CARD,Success,27-08-2023,1561
5202,2202,CASH,Success,17-02-2023,1659
5203,2203,CASH,Success,22-10-2023,474
5204,2204,CASH,Failed,09-05-2023,1793
5205,2205,CASH,Success,18-04-2023,565
5206,2206,UPI,Failed,18-05-2023,1450
5207,2207,CASH,Success,17-03-2023,1637
5208,2208,CASH,Success,22-01-2023,1908
5209,2209,UPI,Success,22-06-2023,657
5210,2210,CASH,Failed,28-09-2023,1542
5211,2211,UPI,Success,12-11-2023,727
5212,2212,CARD,Success,12-08-2023,441
5213,2213,CASH,Success,17-11-2023,1084
5214,2214,CARD,Failed,24-12-2023,1502
5215,2215,CARD,Failed,09-12-2023,222
5216,2216,UPI,Failed,06-03-2023,1606
5217,2217,CARD,Success,23-12-2023,635
5218,2218,CASH,Failed,22-01-2023,1954
5219,2219,CARD,Success,06-05-2023,1925
5220,2220,CARD,Success,05-05-2023,988
5221,2221,UPI,Success,22-04-2023,1492
5222,2222,CASH,Success,05-02-2023,1257
5223,2223,UPI,Success,22-01-2023,1661
5224,2224,UPI,Failed,05-03-2023,978
5225,2225,CASH,Success,25-07-2023,727
5226,2226,CASH,Failed,21-03-2023,1798
5227,2227,CARD,Failed,15-03-2023,643
5228,2228,UPI,Success,12-01-2023,821
5229,2229,CASH,Failed,25-07-2023,818
5230,2230,CASH,Success,06-01-2023,915
5231,2231,CASH,Success,22-01-2023,686
5232,2232,CARD,Success,19-11-2023,999
5233,2233,CASH,Success,06-01-2023,1243
5234,2234,CARD,Success,12-09-2023,919
5235,2235,CASH,Success,01-04-2023,1826
5236,2236,CARD,Success,17-12-2023,450
5237,2237,UPI,Success,30-05-2023,1256
5238,2238,CASH,Success,20-02-2023,474
5239,2239,CARD,Failed,11-07-2023,1007
5240,2240,CARD,Success,05-09-2023,272
5241,2241,CASH,Failed,22-12-2023,1063
5242,2242,UPI,Success,15-12-2023,569
5243,2243,CASH,Success,19-12-2023,1192
5244,2244,UPI,Failed,03-01-2023,865
5245,2245,UPI,Success,09-02-2023,1890
5246,2246,CASH,Failed,18-02-2023,455
5247,2247,CASH,Failed,22-01-2023,1660
5248,2248,CARD,Success,04-05-2023,1581
5249,2249,CARD,Failed,02-01-2023,1108
5250,2250,UPI,Success,30-07-2023,1641
5251,2251,UPI,Success,27-06-2023,274
5252,2252,CARD,Failed,24-06-2023,630
5253,2253,CARD,Failed,27-09-2023,1966
5254,2254,CASH,Failed,16-06-2023,1574
5255,2255,CASH,Success,23-06-2023,284
5256,2256,CARD,Failed,10-03-2023,1085
5257,2257,UPI,Failed,03-02-2023,969
5258,2258,CASH,Success,29-05-2023,581
5259,2259,UPI,Success,22-01-2023,1925
5260,2260,CARD,Success,25-09-2023,1603
5261,2261,CASH,Success,28-12-2023,1614
5262,2262,CASH,Success,25-05-2023,503
5263,2263,UPI,Success,22-01-2023,1549
5264,2264,CASH,Failed,03-05-2023,1734
5265,2265,CARD,Failed,22-05-2023,1703
5266,2266,CASH,Failed,15-06-2023,1655
5267,2267,CASH,Success,22-01-2023,992
5268,2268,CARD,Failed,11-02-2023,855
5269,2269,CARD,Failed,19-11-2023,828
5270,2270,CARD,Success,22-01-2023,1549
5271,2271,CASH,Failed,16-07-2023,949
5272,2272,CASH,Failed,15-07-2023,528
5273,2273,UPI,Success,16-01-2023,217
5274,2274,CASH,Failed,01-02-2023,1718
5275,2275,CASH,Success,19-04-2023,478
5276,2276,UPI,Failed,08-08-2023,1224
5277,2277,CARD,Failed,31-07-2023,771
5278,2278,CASH,Success,22-01-2023,1220
5279,2279,UPI,Success,19-01-2023,1889
5280,2280,CASH,Success,23-08-2023,1093
5281,2281,CASH,Success,01-03-2023,928
5282,2282,CASH,Failed,23-04-2023,659
5283,2283,UPI,Success,05-04-2023,1144
5284,2284,UPI,Success,21-02-2023,227
5285,2285,CARD,Success,09-09-2023,582
5286,2286,CASH,Success,22-01-2023,488
5287,2287,CASH,Success,20-08-2023,938
5288,2288,CARD,Success,20-03-2023,1079
5289,2289,UPI,Success,07-11-2023,1729
5290,2290,CARD,Success,11-09-2023,890
5291,2291,CASH,Success,10-10-2023,1296
5292,2292,CASH,Failed,17-03-2023,1315
5293,2293,CASH,Success,11-03-2023,1427
5294,2294,CARD,Failed,26-12-2023,1015
5295,2295,UPI,Success,26-08-2023,776
5296,2296,CASH,Success,10-05-2023,823
5297,2297,CASH,Failed,16-04-2023,531
5298,2298,UPI,Success,20-06-2023,1914
5299,2299,UPI,Failed,21-06-2023,1579
5300,2300,CASH,Failed,23-11-2023,1190
5301,2301,UPI,Failed,15-10-2023,990
5302,2302,CASH,Success,14-04-2023,373
5303,2303,CARD,Success,03-08-2023,805
5304,2304,CASH,Failed,15-07-2023,1417
5305,2305,CARD,Success,21-10-2023,1520
5306,2306,UPI,Success,22-01-2023,521
5307,2307,UPI,Success,22-01-2023,326
5308,2308,CASH,Success,15-08-2023,640
5309,2309,UPI,Success,19-05-2023,684
5310,2310,CASH,Success,22-01-2023,555
5311,2311,CARD,Failed,30-03-2023,1199
5312,2312,UPI,Success,21-05-2023,333
5313,2313,CASH,Success,25-07-2023,448
5314,2314,UPI,Success,22-01-2023,1856
5315,2315,UPI,Failed,09-12-2023,1938
5316,2316,CARD,Failed,15-10-2023,211
5317,2317,CARD,Success,17-04-2023,1889
5318,2318,CASH,Success,25-05-2023,1630
5319,2319,UPI,Success,22-06-2023,1220
5320,2320,CASH,Failed,22-01-2023,1393
5321,2321,CARD,Success,12-10-2023,810
5322,2322,UPI,Failed,28-02-2023,1210
5323,2323,CASH,Success,23-08-2023,1378
5324,2324,CARD,Failed,22-01-2023,966
5325,2325,CASH,Failed,14-07-2023,1505
5326,2326,CARD,Failed,31-01-2023,514
5327,2327,CASH,Success,23-10-2023,230
5328,2328,UPI,Success,22-01-2023,759
5329,2329,CASH,Success,22-08-2023,692
5330,2330,CASH,Failed,06-08-2023,528
5331,2331,CASH,Failed,06-02-2023,323
5332,2332,CASH,Failed,06-10-2023,749
5333,2333,UPI,Success,14-12-2023,1503
5334,2334,UPI,Success,03-06-2023,319
5335,2335,UPI,Success,22-01-2023,746
5336,2336,CASH,Failed,15-07-2023,1338
5337,2337,CASH,Success,21-09-2023,1824
5338,2338,CASH,Success,03-12-2023,1498
5339,2339,CASH,Success,09-05-2023,1583
5340,2340,UPI,Failed,13-11-2023,1178
5341,2341,UPI,Failed,22-01-2023,1883
5342,2342,CASH,Success,25-05-2023,1682
5343,2343,CARD,Failed,13-03-2023,1619
5344,2344,UPI,Success,23-09-2023,1926
5345,2345,UPI,Success,18-08-2023,1121
5346,2346,CASH,Success,07-07-2023,1859
5347,2347,CARD,Failed,14-02-2023,1474
5348,2348,UPI,Success,31-07-2023,619
5349,2349,CASH,Success,08-02-2023,308
5350,2350,CASH,Success,27-10-2023,861
5351,2351,UPI,Failed,15-07-2023,1275
5352,2352,CASH,Success,28-07-2023,498
5353,2353,CASH,Failed,10-07-2023,1944
5354,2354,CARD,Success,21-05-2023,393
5355,2355,UPI,Failed,16-10-2023,1389
5356,2356,CARD,Failed,05-05-2023,1574
5357,2357,CASH,Success,28-01-2023,699
5358,2358,CASH,Failed,18-09-2023,577
5359,2359,CARD,Failed,22-04-2023,1980
5360,2360,CARD,Success,09-10-2023,1574
5361,2361,CASH,Failed,28-08-2023,297
5362,2362,UPI,Success,22-04-2023,1402
5363,2363,CASH,Success,01-05-2023,437
5364,2364,UPI,Failed,25-12-2023,1788
5365,2365,CASH,Success,22-01-2023,1855
5366,2366,UPI,Success,17-06-2023,1055
5367,2367,CASH,Success,23-06-2023,319
5368,2368,UPI,Success,15-04-2023,1893
5369,2369,CARD,Failed,17-12-2023,423
5370,2370,UPI,Success,07-01-2023,1903
5371,2371,CASH,Failed,27-12-2023,1348
5372,2372,UPI,Failed,22-01-2023,1399
5373,2373,CASH,Success,22-01-2023,518
5374,2374,UPI,Failed,21-11-2023,1200
5375,2375,UPI,Success,22-01-2023,346
5376,2376,CASH,Success,11-08-2023,1830
5377,2377,CASH,Success,13-06-2023,1088
5378,2378,CASH,Failed,22-12-2023,918
5379,2379,UPI,Success,22-12-2023,686
5380,2380,CASH,Success,16-10-2023,1343
5381,2381,CASH,Success,21-12-2023,1406
5382,2382,CASH,Success,10-09-2023,338
5383,2383,CASH,Success,27-05-2023,1841
5384,2384,CASH,Failed,13-05-2023,1733
5385,2385,CARD,Success,03-03-2023,623
5386,2386,CASH,Failed,17-02-2023,1835
5387,2387,CARD,Success,12-09-2023,1951
5388,2388,UPI,Failed,09-04-2023,1941
5389,2389,CASH,Success,01-05-2023,445
5390,2390,CARD,Failed,13-02-2023,1409
5391,2391,CARD,Success,25-11-2023,866
5392,2392,UPI,Failed,20-01-2023,604
5393,2393,CARD,Success,09-02-2023,695
5394,2394,UPI,Success,23-05-2023,614
5395,2395,CASH,Success,22-09-2023,1242
5396,2396,CASH,Success,06-08-2023,1812
5397,2397,CASH,Failed,10-10-2023,498
5398,2398,CASH,Success,20-05-2023,1425
5399,2399,UPI,Success,20-04-2023,1753
5400,2400,UPI,Failed,10-06-2023,1932
5401,2401,CASH,Success,22-01-2023,859
5402,2402,CARD,Success,05-06-2023,1463
5403,2403,CASH,Failed,22-01-2023,1452
5404,2404,CASH,Success,28-03-2023,1664
5405,2405,CARD,Success,22-01-2023,462
5406,2406,CARD,Success,02-05-2023,1055
5407,2407,UPI,Success,22-01-2023,697
5408,2408,CARD,Success,08-05-2023,1476
5409,2409,CASH,Failed,25-10-2023,747
5410,2410,CASH,Failed,21-11-2023,937
5411,2411,CASH,Success,15-02-2023,1399
5412,2412,CARD,Failed,21-02-2023,1659
5413,2413,CASH,Success,22-01-2023,911
5414,2414,CASH,Success,10-03-2023,311
5415,2415,UPI,Success,08-01-2023,374
5416,2416,CARD,Success,03-01-2023,851
5417,2417,UPI,Success,15-04-2023,1500
5418,2418,UPI,Failed,10-12-2023,1115
5419,2419,UPI,Success,24-10-2023,1043
5420,2420,UPI,Success,03-12-2023,1262
5421,2421,UPI,Failed,27-03-2023,647
5422,2422,UPI,Success,14-04-2023,1038
5423,2423,CASH,Failed,08-04-2023,300
5424,2424,CASH,Success,30-10-2023,1720
5425,2425,CASH,Failed,22-01-2023,1753
5426,2426,CASH,Success,27-04-2023,854
5427,2427,UPI,Success,06-03-2023,1109
5428,2428,CASH,Failed,05-06-2023,1580
5429,2429,CASH,Success,17-07-2023,1625
5430,2430,CASH,Failed,19-02-2023,1252
5431,2431,CASH,Success,11-03-2023,1212
5432,2432,UPI,Failed,04-10-2023,490
5433,2433,CASH,Failed,10-12-2023,667
5434,2434,CASH,Failed,17-03-2023,488
5435,2435,CARD,Success,13-05-2023,1619
5436,2436,CASH,Success,22-01-2023,1778
5437,2437,CASH,Success,05-02-2023,1989
5438,2438,CASH,Success,17-11-2023,284
5439,2439,CARD,Success,22-01-2023,1069
5440,2440,CARD,Success,06-12-2023,833
5441,2441,CASH,Failed,22-10-2023,1166
5442,2442,UPI,Failed,29-01-2023,857
5443,2443,UPI,Success,20-04-2023,1571
5444,2444,CASH,Failed,02-11-2023,1097
5445,2445,CASH,Success,04-04-2023,1387
5446,2446,UPI,Success,22-01-2023,1457
5447,2447,CARD,Failed,22-01-2023,1435
5448,2448,CARD,Success,30-07-2023,1765
5449,2449,CASH,Success,22-01-2023,1722
5450,2450,CARD,Failed,22-01-2023,832
5451,2451,CASH,Failed,22-01-2023,1943
5452,2452,CARD,Failed,09-02-2023,378
5453,2453,CARD,Success,22-02-2023,1421
5454,2454,UPI,Success,16-08-2023,977
5455,2455,CASH,Failed,22-01-2023,787
5456,2456,UPI,Success,24-05-2023,1421
5457,2457,CASH,Success,25-07-2023,1216
5458,2458,UPI,Success,06-11-2023,723
5459,2459,CASH,Failed,26-12-2023,1645
5460,2460,CASH,Failed,22-01-2023,567
5461,2461,CASH,Failed,12-04-2023,1503
5462,2462,CASH,Success,10-04-2023,1689
5463,2463,CASH,Failed,29-09-2023,688
5464,2464,CASH,Success,10-04-2023,1758
5465,2465,CARD,Success,30-03-2023,1005
5466,2466,CARD,Failed,22-01-2023,609
5467,2467,UPI,Success,06-02-2023,1174
5468,2468,CARD,Success,20-10-2023,1199
5469,2469,CARD,Failed,03-04-2023,1990
5470,2470,CASH,Success,22-01-2023,1367
5471,2471,CASH,Success,09-11-2023,1066
5472,2472,CASH,Success,03-06-2023,1941
5473,2473,UPI,Success,18-05-2023,1224
5474,2474,CASH,Success,27-02-2023,1369
5475,2475,CASH,Success,03-12-2023,1504
5476,2476,UPI,Failed,05-04-2023,1935
5477,2477,CASH,Failed,15-09-2023,1104
5478,2478,CARD,Failed,07-12-2023,837
5479,2479,UPI,Failed,22-01-2023,1260
5480,2480,CASH,Success,26-12-2023,1576
5481,2481,CASH,Success,02-05-2023,690
5482,2482,UPI,Success,26-01-2023,761
5483,2483,UPI,Success,21-11-2023,1775
5484,2484,UPI,Success,18-01-2023,956
5485,2485,CASH,Failed,17-04-2023,1173
5486,2486,UPI,Success,12-12-2023,1949
5487,2487,CASH,Success,22-01-2023,287
5488,2488,CASH,Success,14-08-2023,1066
5489,2489,CARD,Success,24-12-2023,402
5490,2490,CASH,Failed,15-02-2023,1693
5491,2491,CASH,Success,25-05-2023,688
5492,2492,UPI,Success,31-03-2023,1936
5493,2493,CASH,Success,22-01-2023,1323
5494,2494,CASH,Failed,12-01-2023,1090
5495,2495,CASH,Failed,10-10-2023,1146
5496,2496,CASH,Success,26-04-2023,1495
5497,2497,CASH,Failed,22-01-2023,569
5498,2498,CASH,Success,07-09-2023,672
5499,2499,UPI,Success,22-01-2023,1238
5500,2500,CASH,Success,04-11-2023,896
5501,2501,CASH,Success,26-02-2023,1456
5502,2502,UPI,Success,07-10-2023,1691
5503,2503,CASH,Failed,31-03-2023,1072
5504,2504,CASH,Success,29-01-2023,852
5505,2505,CARD,Success,24-11-2023,1928
5506,2506,UPI,Success,12-07-2023,1845
5507,2507,CASH,Success,22-01-2023,1653
5508,2508,UPI,Success,02-06-2023,1708
5509,2509,CASH,Failed,22-01-2023,1803
5510,2510,CARD,Success,08-03-2023,1783
5511,2511,CARD,Success,22-01-2023,1786
5512,2512,CARD,Failed,10-02-2023,1485
5513,2513,CARD,Success,01-09-2023,860
5514,2514,UPI,Success,27-01-2023,1420
5515,2515,UPI,Success,16-04-2023,1201
5516,2516,CASH,Success,22-01-2023,203
5517,2517,CARD,Success,22-01-2023,714
5518,2518,UPI,Success,11-09-2023,848
5519,2519,UPI,Failed,14-11-2023,1481
5520,2520,CASH,Success,16-11-2023,1121
5521,2521,UPI,Success,11-12-2023,1654
5522,2522,UPI,Failed,23-05-2023,1801
5523,2523,UPI,Failed,15-11-2023,1491
5524,2524,CASH,Success,04-02-2023,896
5525,2525,CASH,Failed,12-02-2023,453
5526,2526,CASH,Success,25-11-2023,720
5527,2527,CARD,Failed,25-05-2023,596
5528,2528,CASH,Success,17-01-2023,924
5529,2529,CASH,Success,05-08-2023,427
5530,2530,CASH,Failed,14-08-2023,1471
5531,2531,CASH,Failed,25-03-2023,1118
5532,2532,CARD,Success,21-07-2023,1537
5533,2533,CASH,Failed,29-07-2023,1241
5534,2534,CASH,Success,26-08-2023,1705
5535,2535,UPI,Failed,21-06-2023,304
5536,2536,CASH,Success,18-02-2023,1482
5537,2537,CARD,Success,05-12-2023,1728
5538,2538,CASH,Success,22-01-2023,417
5539,2539,UPI,Success,24-07-2023,485
5540,2540,CARD,Failed,14-10-2023,581
5541,2541,CASH,Success,20-02-2023,1582
5542,2542,UPI,Success,01-08-2023,531
5543,2543,CASH,Success,19-11-2023,587
5544,2544,UPI,Success,22-01-2023,1817
5545,2545,CASH,Success,06-01-2023,819
5546,2546,UPI,Success,22-01-2023,792
5547,2547,UPI,Failed,11-10-2023,424
5548,2548,CARD,Failed,27-06-2023,1333
5549,2549,CARD,Success,20-11-2023,811
5550,2550,CASH,Failed,07-09-2023,1636
5551,2551,CASH,Success,27-03-2023,918
5552,2552,CASH,Success,04-10-2023,950
5553,2553,CASH,Success,27-02-2023,332
5554,2554,UPI,Failed,31-01-2023,219
5555,2555,CASH,Success,22-01-2023,965
5556,2556,UPI,Success,24-09-2023,1647
5557,2557,CASH,Success,25-03-2023,351
5558,2558,UPI,Failed,05-06-2023,1079
5559,2559,CARD,Success,25-12-2023,734
5560,2560,CASH,Failed,03-01-2023,712
5561,2561,UPI,Success,13-02-2023,393
5562,2562,CARD,Success,07-01-2023,1523
5563,2563,CASH,Success,27-06-2023,1939
5564,2564,CASH,Success,26-01-2023,1706
5565,2565,CASH,Success,02-02-2023,274
5566,2566,CASH,Failed,27-02-2023,932
5567,2567,CASH,Success,25-09-2023,678
5568,2568,CASH,Success,25-11-2023,755
5569,2569,UPI,Failed,14-08-2023,1590
5570,2570,CASH,Success,29-09-2023,1029
5571,2571,CASH,Success,08-08-2023,451
5572,2572,CASH,Success,27-01-2023,272
5573,2573,CARD,Success,13-08-2023,1655
5574,2574,CARD,Success,29-12-2023,1472
5575,2575,CARD,Failed,30-04-2023,1741
5576,2576,CASH,Failed,23-04-2023,1932
5577,2577,CASH,Success,07-11-2023,1706
5578,2578,UPI,Success,29-08-2023,1584
5579,2579,CASH,Success,16-01-2023,785
5580,2580,CASH,Success,06-06-2023,831
5581,2581,UPI,Success,06-03-2023,548
5582,2582,CARD,Failed,02-09-2023,869
5583,2583,CARD,Failed,20-01-2023,1762
5584,2584,CARD,Success,01-02-2023,1336
5585,2585,CARD,Success,31-05-2023,1961
5586,2586,UPI,Failed,22-01-2023,915
5587,2587,CASH,Success,16-09-2023,1174
5588,2588,CASH,Success,15-11-2023,995
5589,2589,CARD,Success,13-12-2023,955
5590,2590,UPI,Success,30-09-2023,1512
5591,2591,CASH,Success,22-01-2023,423
5592,2592,UPI,Success,07-03-2023,1144
5593,2593,CARD,Success,14-06-2023,1973
5594,2594,CASH,Success,22-01-2023,1738
5595,2595,CASH,Success,10-09-2023,1235
5596,2596,CASH,Success,06-03-2023,209
5597,2597,CASH,Success,24-11-2023,1961
5598,2598,CASH,Success,22-01-2023,1910
5599,2599,CASH,Failed,22-01-2023,990
5600,2600,CASH,Failed,18-12-2023,897
5601,2601,CASH,Success,07-11-2023,376
5602,2602,CASH,Success,20-11-2023,1213
5603,2603,UPI,Failed,02-10-2023,405
5604,2604,CARD,Failed,28-07-2023,259
5605,2605,CASH,Success,19-12-2023,819
5606,2606,UPI,Failed,10-03-2023,794
5607,2607,UPI,Failed,06-05-2023,270
5608,2608,CASH,Failed,04-10-2023,896
5609,2609,CARD,Failed,03-05-2023,454
5610,2610,UPI,Success,01-02-2023,597
5611,2611,CASH,Success,13-03-2023,358
5612,2612,CARD,Success,24-08-2023,939
5613,2613,UPI,Success,28-09-2023,1539
5614,2614,CASH,Success,22-01-2023,1582
5615,2615,CARD,Failed,22-01-2023,448
5616,2616,CARD,Success,29-04-2023,1538
5617,2617,CASH,Success,08-07-2023,1370
5618,2618,CASH,Failed,22-11-2023,720
5619,2619,CASH,Success,17-04-2023,534
5620,2620,CARD,Success,02-06-2023,1257
5621,2621,UPI,Success,24-07-2023,203
5622,2622,UPI,Success,05-11-2023,494
5623,2623,CASH,Success,08-03-2023,1490
5624,2624,CASH,Failed,22-01-2023,1773
5625,2625,UPI,Success,09-12-2023,319
5626,2626,CARD,Success,24-07-2023,1641
5627,2627,CARD,Failed,01-05-2023,1539
5628,2628,CASH,Success,26-08-2023,540
5629,2629,CASH,Failed,22-01-2023,1368
5630,2630,CARD,Success,22-01-2023,619
5631,2631,CARD,Success,20-03-2023,515
5632,2632,CASH,Success,16-01-2023,1387
5633,2633,CASH,Failed,17-12-2023,1116
5634,2634,UPI,Success,24-12-2023,1104
5635,2635,UPI,Success,15-05-2023,1004
5636,2636,UPI,Success,23-03-2023,526
5637,2637,CASH,Success,18-04-2023,1814
5638,2638,CASH,Failed,22-12-2023,1990
5639,2639,UPI,Success,03-04-2023,1536
5640,2640,CASH,Success,22-01-2023,412
5641,2641,CASH,Failed,05-04-2023,1341
5642,2642,UPI,Success,16-12-2023,1809
5643,2643,UPI,Failed,26-10-2023,1122
5644,2644,CARD,Success,06-05-2023,1310
5645,2645,CASH,Success,19-12-2023,1902
5646,2646,UPI,Success,16-04-2023,1076
5647,2647,UPI,Success,29-11-2023,368
5648,2648,UPI,Failed,25-05-2023,377
5649,2649,CASH,Failed,23-08-2023,651
5650,2650,CARD,Failed,13-08-2023,1566
5651,2651,CASH,Success,04-08-2023,1494
5652,2652,CASH,Failed,19-05-2023,1309
5653,2653,UPI,Success,22-03-2023,1788
5654,2654,UPI,Success,24-05-2023,1481
5655,2655,UPI,Failed,22-01-2023,604
5656,2656,CARD,Success,23-10-2023,1536
5657,2657,CARD,Success,22-06-2023,1142
5658,2658,CASH,Success,19-04-2023,834
5659,2659,CASH,Success,08-10-2023,1232
5660,2660,CARD,Failed,23-01-2023,442
5661,2661,UPI,Failed,14-09-2023,301
5662,2662,UPI,Success,30-09-2023,877
5663,2663,UPI,Success,11-10-2023,555
5664,2664,CASH,Failed,27-12-2023,621
5665,2665,CARD,Success,11-06-2023,1340
5666,2666,CASH,Failed,05-01-2023,352
5667,2667,CASH,Failed,22-01-2023,1684
5668,2668,CASH,Failed,13-08-2023,921
5669,2669,CASH,Failed,20-05-2023,1550
5670,2670,CASH,Failed,06-08-2023,1485
5671,2671,CASH,Failed,22-01-2023,1490
5672,2672,CASH,Success,23-09-2023,361
5673,2673,UPI,Success,05-12-2023,1001
5674,2674,CARD,Failed,15-05-2023,1767
5675,2675,CARD,Failed,22-01-2023,394
5676,2676,CASH,Success,22-01-2023,432
5677,2677,UPI,Success,24-05-2023,1245
5678,2678,UPI,Success,10-03-2023,717
5679,2679,CARD,Success,07-06-2023,357
5680,2680,CASH,Failed,20-07-2023,1074
5681,2681,CARD,Failed,11-08-2023,1149
5682,2682,CARD,Success,07-02-2023,641
5683,2683,CASH,Failed,24-04-2023,1956
5684,2684,CASH,Success,22-05-2023,714
5685,2685,CASH,Failed,24-06-2023,1793
5686,2686,CASH,Failed,26-12-2023,1448
5687,2687,CASH,Success,09-02-2023,1348
5688,2688,CASH,Failed,29-11-2023,1188
5689,2689,CASH,Success,22-01-2023,282
5690,2690,CASH,Success,22-01-2023,1715
5691,2691,UPI,Success,16-01-2023,630
5692,2692,CARD,Failed,17-07-2023,932
5693,2693,CASH,Success,06-01-2023,1692
5694,2694,UPI,Failed,06-07-2023,460
5695,2695,CASH,Success,25-01-2023,216
5696,2696,CASH,Success,29-08-2023,1595
5697,2697,UPI,Success,06-06-2023,1279
5698,2698,CASH,Failed,22-01-2023,693
5699,2699,CARD,Failed,22-01-2023,349
5700,2700,UPI,Success,20-12-2023,395
5701,2701,CARD,Failed,04-02-2023,1183
5702,2702,UPI,Success,08-07-2023,532
5703,2703,CASH,Success,30-06-2023,1889
5704,2704,UPI,Failed,15-03-2023,491
5705,2705,CASH,Success,19-01-2023,1918
5706,2706,CASH,Success,06-12-2023,612
5707,2707,UPI,Success,03-09-2023,1074
5708,2708,CASH,Success,30-08-2023,1228
5709,2709,CASH,Success,26-04-2023,592
5710,2710,CARD,Success,22-01-2023,412
5711,2711,CARD,Success,22-01-2023,1191
5712,2712,UPI,Success,11-11-2023,298
5713,2713,CASH,Success,09-02-2023,1135
5714,2714,CARD,Failed,07-08-2023,1753
5715,2715,UPI,Success,14-06-2023,1679
5716,2716,CARD,Success,08-03-2023,393
5717,2717,CASH,Failed,19-10-2023,314
5718,2718,CASH,Success,10-03-2023,1519
5719,2719,CASH,Failed,12-03-2023,641
5720,2720,CASH,Success,15-04-2023,1142
5721,2721,CASH,Failed,27-05-2023,686
5722,2722,CASH,Failed,10-06-2023,916
5723,2723,CASH,Success,30-03-2023,588
5724,2724,CASH,Failed,07-10-2023,1680
5725,2725,UPI,Failed,31-08-2023,1980
5726,2726,CARD,Failed,25-12-2023,738
5727,2727,CASH,Success,22-01-2023,331
5728,2728,CASH,Success,12-11-2023,1786
5729,2729,UPI,Failed,31-03-2023,1186
5730,2730,CASH,Success,22-01-2023,1392
5731,2731,CASH,Success,04-07-2023,404
5732,2732,CARD,Failed,16-03-2023,1562
5733,2733,CASH,Success,10-07-2023,886
5734,2734,CASH,Success,22-01-2023,560
5735,2735,UPI,Failed,22-10-2023,1883
5736,2736,CASH,Success,22-01-2023,985
5737,2737,CARD,Success,10-06-2023,718
5738,2738,CASH,Success,25-12-2023,573
5739,2739,CASH,Failed,06-10-2023,1355
5740,2740,UPI,Success,26-02-2023,1280
5741,2741,CARD,Success,10-11-2023,421
5742,2742,CASH,Success,13-11-2023,524
5743,2743,CASH,Success,14-08-2023,581
5744,2744,CASH,Failed,22-01-2023,641
5745,2745,CASH,Success,29-01-2023,1169
5746,2746,CASH,Failed,19-06-2023,1318
5747,2747,UPI,Failed,18-11-2023,1188
5748,2748,CASH,Success,07-09-2023,777
5749,2749,CASH,Failed,07-01-2023,502
5750,2750,CARD,Success,07-03-2023,564
5751,2751,CASH,Success,30-01-2023,1417
5752,2752,CASH,Success,30-12-2023,314
5753,2753,CASH,Failed,12-05-2023,203
5754,2754,CARD,Failed,09-09-2023,400
5755,2755,CARD,Failed,06-07-2023,644
5756,2756,UPI,Failed,14-12-2023,1934
5757,2757,UPI,Failed,04-04-2023,392
5758,2758,CASH,Success,30-09-2023,420
5759,2759,UPI,Failed,24-02-2023,1008
5760,2760,CASH,Success,09-09-2023,696
5761,2761,CASH,Success,13-04-2023,1738
5762,2762,CARD,Failed,14-12-2023,579
5763,2763,UPI,Success,22-01-2023,1969
5764,2764,CARD,Failed,07-03-2023,742
5765,2765,CASH,Success,10-10-2023,375
5766,2766,UPI,Failed,22-07-2023,264
5767,2767,UPI,Success,10-10-2023,979
5768,2768,UPI,Success,18-02-2023,1111
5769,2769,CASH,Success,11-06-2023,1356
5770,2770,CARD,Success,27-06-2023,909
5771,2771,CASH,Failed,31-08-2023,315
5772,2772,CARD,Failed,22-01-2023,1563
5773,2773,UPI,Failed,26-07-2023,839
5774,2774,UPI,Failed,24-07-2023,1597
5775,2775,CARD,Success,08-10-2023,1057
5776,2776,CASH,Failed,04-02-2023,1882
5777,2777,CARD,Success,11-06-2023,336
5778,2778,CARD,Failed,05-06-2023,1423
5779,2779,CASH,Failed,13-01-2023,809
5780,2780,UPI,Success,31-12-2023,1522
5781,2781,CARD,Failed,21-10-2023,256
5782,2782,UPI,Success,17-04-2023,1899
5783,2783,CASH,Success,28-02-2023,1610
5784,2784,UPI,Success,22-01-2023,1527
5785,2785,CASH,Failed,25-03-2023,1807
5786,2786,CASH,Success,15-05-2023,815
5787,2787,UPI,Success,22-01-2023,273
5788,2788,UPI,Failed,11-10-2023,1980
5789,2789,CARD,Failed,21-12-2023,665
5790,2790,CASH,Failed,14-06-2023,1596
5791,2791,CASH,Success,16-02-2023,973
5792,2792,UPI,Failed,24-05-2023,1768
5793,2793,UPI,Success,09-02-2023,561
5794,2794,CASH,Success,24-02-2023,842
5795,2795,CASH,Failed,02-06-2023,1136
5796,2796,CASH,Success,22-07-2023,1137
5797,2797,CASH,Failed,22-01-2023,1789
5798,2798,UPI,Success,13-03-2023,506
5799,2799,CASH,Success,24-01-2023,680
5800,2800,CARD,Success,04-07-2023,1691
5801,2801,CARD,Success,17-07-2023,221
5802,2802,CASH,Failed,22-01-2023,1243
5803,2803,UPI,Success,11-04-2023,684
5804,2804,CARD,Success,12-02-2023,1880
5805,2805,CARD,Success,20-05-2023,544
5806,2806,UPI,Success,22-01-2023,356
5807,2807,CASH,Success,10-09-2023,218
5808,2808,CARD,Success,29-05-2023,583
5809,2809,CASH,Success,21-04-2023,1480
5810,2810,CASH,Success,01-07-2023,301
5811,2811,CASH,Failed,15-10-2023,494
5812,2812,CASH,Failed,13-02-2023,1545
5813,2813,CASH,Failed,27-01-2023,1245
5814,2814,CASH,Success,01-02-2023,1034
5815,2815,CASH,Success,21-10-2023,1109
5816,2816,CASH,Success,27-05-2023,1921
5817,2817,UPI,Success,20-11-2023,695
5818,2818,UPI,Failed,05-03-2023,224
5819,2819,CASH,Success,06-09-2023,465
5820,2820,CASH,Success,30-10-2023,1218
5821,2821,CASH,Success,15-09-2023,370
5822,2822,UPI,Success,22-01-2023,820
5823,2823,CASH,Failed,02-08-2023,238
5824,2824,CARD,Failed,15-02-2023,1789
5825,2825,CARD,Success,07-07-2023,575
5826,2826,CARD,Success,15-04-2023,1627
5827,2827,CARD,Success,22-01-2023,1914
5828,2828,CASH,Success,06-05-2023,1626
5829,2829,UPI,Failed,04-03-2023,1978
5830,2830,CASH,Success,09-07-2023,1879
5831,2831,CASH,Failed,22-01-2023,1331
5832,2832,CASH,Failed,28-05-2023,1904
5833,2833,CASH,Success,29-12-2023,768
5834,2834,CARD,Success,13-07-2023,1919
5835,2835,UPI,Success,18-11-2023,1098
5836,2836,UPI,Success,12-01-2023,791
5837,2837,UPI,Success,21-10-2023,1767
5838,2838,CARD,Success,22-01-2023,1376
5839,2839,CARD,Failed,24-07-2023,493
5840,2840,UPI,Success,12-11-2023,1300
5841,2841,UPI,Success,17-08-2023,1359
5842,2842,CARD,Success,11-05-2023,746
5843,2843,CASH,Failed,20-01-2023,1752
5844,2844,UPI,Success,07-04-2023,433
5845,2845,CARD,Failed,24-01-2023,756
5846,2846,CASH,Success,30-12-2023,540
5847,2847,CASH,Failed,22-10-2023,1200
5848,2848,CASH,Failed,07-02-2023,1727
5849,2849,UPI,Success,17-04-2023,1133
5850,2850,UPI,Success,22-01-2023,1873
5851,2851,UPI,Failed,05-04-2023,1898
5852,2852,CASH,Success,08-04-2023,591
5853,2853,UPI,Failed,02-12-2023,1601
5854,2854,CASH,Success,22-11-2023,516
5855,2855,CASH,Failed,25-01-2023,586
5856,2856,UPI,Success,10-10-2023,1630
5857,2857,CASH,Success,15-04-2023,1180
5858,2858,CARD,Success,20-09-2023,1366
5859,2859,CASH,Success,11-05-2023,1647
5860,2860,CASH,Success,22-09-2023,798
5861,2861,CASH,Success,04-10-2023,1443
5862,2862,CASH,Success,19-06-2023,530
5863,2863,CASH,Success,22-01-2023,756
5864,2864,CASH,Success,21-07-2023,723
5865,2865,CARD,Success,22-01-2023,1930
5866,2866,UPI,Success,07-06-2023,1472
5867,2867,UPI,Success,06-03-2023,1351
5868,2868,CASH,Failed,26-01-2023,1822
5869,2869,CASH,Failed,14-05-2023,1515
5870,2870,CARD,Success,18-04-2023,625
5871,2871,UPI,Success,11-09-2023,1979
5872,2872,CASH,Success,15-05-2023,254
5873,2873,CARD,Success,04-04-2023,545
5874,2874,UPI,Success,20-12-2023,1858
5875,2875,CASH,Success,14-02-2023,1264
5876,2876,UPI,Failed,11-10-2023,1573
5877,2877,UPI,Failed,25-09-2023,1962
5878,2878,UPI,Failed,19-01-2023,1187
5879,2879,CASH,Success,15-02-2023,1685
5880,2880,CASH,Failed,24-07-2023,1127
5881,2881,CASH,Success,03-09-2023,418
5882,2882,CASH,Failed,08-09-2023,1004
5883,2883,CASH,Success,12-03-2023,1326
5884,2884,CARD,Success,06-09-2023,1063
5885,2885,CARD,Success,25-11-2023,1506
5886,2886,CARD,Success,14-09-2023,1535
5887,2887,CARD,Failed,06-02-2023,1988
5888,2888,CASH,Failed,18-06-2023,1761
5889,2889,CASH,Success,09-11-2023,1079
5890,2890,CARD,Success,26-04-2023,336
5891,2891,UPI,Success,24-05-2023,415
5892,2892,UPI,Success,02-01-2023,1513
5893,2893,CASH,Success,15-02-2023,962
5894,2894,UPI,Success,16-06-2023,1414
5895,2895,CARD,Success,01-01-2023,493
5896,2896,UPI,Failed,04-05-2023,314
5897,2897,CASH,Success,25-05-2023,1805
5898,2898,CARD,Success,27-11-2023,1810
5899,2899,CARD,Success,10-11-2023,340
5900,2900,CASH,Failed,30-11-2023,782
5901,2901,CARD,Success,18-01-2023,481
5902,2902,CASH,Success,02-08-2023,1927
5903,2903,CASH,Failed,22-04-2023,630
5904,2904,UPI,Success,22-01-2023,1811
5905,2905,CARD,Failed,20-12-2023,1795
5906,2906,UPI,Success,24-07-2023,1479
5907,2907,CASH,Success,09-04-2023,359
5908,2908,CARD,Success,27-09-2023,854
5909,2909,CASH,Success,08-09-2023,1371
5910,2910,CASH,Failed,15-01-2023,1738
5911,2911,UPI,Failed,22-04-2023,420
5912,2912,CARD,Success,10-04-2023,1329
5913,2913,CARD,Success,14-06-2023,1351
5914,2914,UPI,Success,29-04-2023,382
5915,2915,CARD,Success,14-09-2023,591
5916,2916,UPI,Failed,22-08-2023,1511
5917,2917,CASH,Failed,27-03-2023,250
5918,2918,UPI,Success,21-03-2023,247
5919,2919,CARD,Failed,09-07-2023,303
5920,2920,CASH,Success,26-08-2023,671
5921,2921,CARD,Success,21-03-2023,482
5922,2922,UPI,Failed,06-03-2023,1526
5923,2923,CARD,Success,24-07-2023,221
5924,2924,UPI,Success,29-08-2023,345
5925,2925,UPI,Failed,03-07-2023,520
5926,2926,CASH,Success,18-12-2023,282
5927,2927,CARD,Failed,24-06-2023,1666
5928,2928,CASH,Failed,03-02-2023,1265
5929,2929,CASH,Success,09-12-2023,539
5930,2930,CASH,Success,16-06-2023,349
5931,2931,UPI,Failed,22-04-2023,1764
5932,2932,CASH,Success,27-05-2023,802
5933,2933,UPI,Failed,31-10-2023,1834
5934,2934,CARD,Failed,05-04-2023,548
5935,2935,UPI,Failed,04-05-2023,1169
5936,2936,UPI,Success,11-10-2023,666
5937,2937,CARD,Success,11-03-2023,423
5938,2938,CASH,Success,06-05-2023,827
5939,2939,CASH,Success,17-08-2023,323
5940,2940,CASH,Success,02-03-2023,1949
5941,2941,UPI,Success,09-02-2023,1887
5942,2942,CARD,Success,22-01-2023,630
5943,2943,CASH,Success,18-12-2023,1497
5944,2944,CASH,Success,31-07-2023,252
5945,2945,UPI,Success,19-06-2023,1862
5946,2946,CASH,Success,13-04-2023,1529
5947,2947,CASH,Failed,28-11-2023,1532
5948,2948,CASH,Success,09-12-2023,1555
5949,2949,CASH,Success,22-01-2023,961
5950,2950,UPI,Success,28-04-2023,1191
5951,2951,CARD,Success,22-09-2023,1321
5952,2952,CASH,Success,29-10-2023,1024
5953,2953,CARD,Success,15-05-2023,396
5954,2954,CASH,Success,22-01-2023,968
5955,2955,CASH,Success,05-02-2023,341
5956,2956,CASH,Success,09-09-2023,439
5957,2957,UPI,Failed,16-12-2023,218
5958,2958,UPI,Failed,08-11-2023,659
5959,2959,CARD,Success,22-01-2023,300
5960,2960,CARD,Success,21-04-2023,202
5961,2961,CASH,Success,07-07-2023,512
5962,2962,CASH,Success,18-10-2023,298
5963,2963,UPI,Failed,06-02-2023,1913
5964,2964,CASH,Success,11-08-2023,637
5965,2965,CARD,Success,15-06-2023,1777
5966,2966,UPI,Success,22-01-2023,369
5967,2967,CARD,Success,03-05-2023,1336
5968,2968,CARD,Success,15-08-2023,1645
5969,2969,UPI,Success,22-01-2023,1401
5970,2970,CASH,Success,22-01-2023,1692
5971,2971,UPI,Success,01-04-2023,863
5972,2972,CASH,Failed,19-04-2023,1537
5973,2973,CASH,Success,10-05-2023,1818
5974,2974,UPI,Success,26-11-2023,546
5975,2975,UPI,Success,09-01-2023,1559
5976,2976,CARD,Success,23-08-2023,771
5977,2977,CARD,Success,22-01-2023,1303
5978,2978,CARD,Success,29-06-2023,1379
5979,2979,CASH,Success,05-09-2023,1363
5980,2980,CARD,Success,16-04-2023,1438
5981,2981,CASH,Success,07-12-2023,847
5982,2982,CARD,Success,13-02-2023,626
5983,2983,CASH,Failed,19-07-2023,1944
5984,2984,CARD,Success,29-12-2023,1528
5985,2985,CASH,Success,11-01-2023,993
5986,2986,CASH,Success,09-10-2023,948
5987,2987,CASH,Failed,19-06-2023,482
5988,2988,CASH,Failed,21-08-2023,1768
5989,2989,UPI,Success,07-12-2023,483
5990,2990,CASH,Failed,02-07-2023,218
5991,2991,CASH,Success,19-06-2023,1780
5992,2992,UPI,Success,21-08-2023,1917
5993,2993,CARD,Success,04-01-2023,1152
5994,2994,UPI,Failed,22-01-2023,1871
5995,2995,CARD,Success,22-01-2023,1931
5996,2996,UPI,Failed,22-01-2023,483
5997,2997,CASH,Failed,19-03-2023,466
5998,2998,CARD,Success,12-07-2023,677
5999,2999,CARD,Success,19-07-2023,1541
6000,3000,CASH,Success,22-01-2023,1967
6001,3001,UPI,Failed,10-12-2023,1269
6002,3002,CASH,Failed,11-03-2023,225
6003,3003,CASH,Success,21-02-2023,1433
6004,3004,CARD,Failed,06-04-2023,624
6005,3005,CARD,Success,14-08-2023,1655
6006,3006,CASH,Success,06-05-2023,337
6007,3007,CASH,Failed,13-07-2023,595
6008,3008,UPI,Success,03-02-2023,274
6009,3009,UPI,Success,31-07-2023,1043
6010,3010,CASH,Failed,02-09-2023,1312
6011,3011,UPI,Success,05-03-2023,817
6012,3012,CASH,Success,06-06-2023,300
6013,3013,CARD,Failed,13-04-2023,1573
6014,3014,CASH,Success,26-12-2023,334
6015,3015,CASH,Failed,22-01-2023,985
6016,3016,CARD,Success,14-05-2023,696
6017,3017,UPI,Success,05-02-2023,1164
6018,3018,UPI,Success,03-02-2023,383
6019,3019,UPI,Failed,19-09-2023,319
6020,3020,CASH,Failed,22-01-2023,386
6021,3021,CARD,Success,05-11-2023,1145
6022,3022,CASH,Success,18-09-2023,1787
6023,3023,CASH,Success,15-02-2023,380
6024,3024,CARD,Success,22-01-2023,1755
6025,3025,UPI,Success,14-09-2023,1299
6026,3026,UPI,Success,04-02-2023,441
6027,3027,UPI,Failed,04-01-2023,1492
6028,3028,CARD,Success,11-04-2023,1491
6029,3029,CASH,Success,25-03-2023,1887
6030,3030,CASH,Failed,11-04-2023,631
6031,3031,CASH,Success,26-03-2023,205
6032,3032,UPI,Success,26-06-2023,1204
6033,3033,CARD,Failed,17-04-2023,1559
6034,3034,CARD,Success,03-01-2023,1160
6035,3035,CASH,Failed,30-11-2023,1174
6036,3036,CARD,Success,20-07-2023,418
6037,3037,CASH,Success,22-01-2023,1370
6038,3038,CASH,Success,19-07-2023,317
6039,3039,UPI,Success,24-01-2023,1661
6040,3040,CASH,Success,14-11-2023,1052
6041,3041,UPI,Success,29-08-2023,664
6042,3042,UPI,Success,16-05-2023,1586
6043,3043,UPI,Failed,22-04-2023,201
6044,3044,CASH,Failed,07-01-2023,253
6045,3045,CASH,Failed,04-01-2023,1777
6046,3046,UPI,Success,06-06-2023,1472
6047,3047,CARD,Success,19-09-2023,1784
6048,3048,CARD,Success,17-08-2023,534
6049,3049,CASH,Success,20-06-2023,1005
6050,3050,CARD,Success,11-08-2023,1394
6051,3051,CASH,Success,07-12-2023,1965
6052,3052,CASH,Success,11-09-2023,1715
6053,3053,CASH,Success,07-06-2023,249
6054,3054,CARD,Failed,12-03-2023,1680
6055,3055,CARD,Success,03-01-2023,1357
6056,3056,CASH,Success,21-07-2023,1486
6057,3057,CARD,Failed,13-08-2023,454
6058,3058,CASH,Success,01-08-2023,1824
6059,3059,CASH,Failed,26-03-2023,332
6060,3060,CASH,Failed,22-01-2023,1302
6061,3061,UPI,Success,22-01-2023,223
6062,3062,CASH,Success,18-07-2023,233
6063,3063,CARD,Failed,09-06-2023,307
6064,3064,CARD,Success,25-10-2023,573
6065,3065,CASH,Success,22-01-2023,1555
6066,3066,CASH,Success,23-08-2023,1901
6067,3067,CASH,Success,01-11-2023,1944
6068,3068,UPI,Success,16-03-2023,1589
6069,3069,CARD,Success,18-06-2023,1461
6070,3070,UPI,Success,17-09-2023,1607
6071,3071,CASH,Failed,07-03-2023,758
6072,3072,CASH,Success,05-10-2023,1763
6073,3073,CASH,Success,22-01-2023,1309
6074,3074,CASH,Success,04-01-2023,901
6075,3075,CASH,Success,25-10-2023,1243
6076,3076,CASH,Failed,19-08-2023,481
6077,3077,UPI,Success,11-05-2023,1316
6078,3078,UPI,Success,31-05-2023,743
6079,3079,CASH,Success,12-08-2023,221
6080,3080,UPI,Failed,15-10-2023,1065
6081,3081,UPI,Failed,20-12-2023,1798
6082,3082,CARD,Success,20-08-2023,375
6083,3083,CARD,Failed,07-08-2023,930
6084,3084,UPI,Success,05-04-2023,888
6085,3085,CASH,Success,23-11-2023,1100
6086,3086,CARD,Success,22-01-2023,1797
6087,3087,CASH,Failed,30-11-2023,1874
6088,3088,CARD,Success,14-07-2023,1842
6089,3089,CASH,Success,07-04-2023,1022
6090,3090,CASH,Success,26-01-2023,444
6091,3091,CARD,Failed,22-01-2023,1003
6092,3092,UPI,Failed,14-09-2023,1046
6093,3093,CARD,Success,03-09-2023,1702
6094,3094,CARD,Failed,02-02-2023,1678
6095,3095,CASH,Failed,30-12-2023,1977
6096,3096,UPI,Success,24-07-2023,889
6097,3097,CASH,Success,02-11-2023,1939
6098,3098,CARD,Success,27-04-2023,426
6099,3099,CASH,Success,22-01-2023,1988
6100,3100,CARD,Success,05-05-2023,1301
6101,3101,UPI,Success,29-01-2023,424
6102,3102,UPI,Failed,02-10-2023,1557
6103,3103,CARD,Success,17-02-2023,1188
6104,3104,CASH,Failed,19-04-2023,1997
6105,3105,UPI,Failed,23-01-2023,1226
6106,3106,CASH,Failed,02-09-2023,696
6107,3107,CASH,Success,28-05-2023,1743
6108,3108,UPI,Success,18-01-2023,806
6109,3109,UPI,Success,01-08-2023,493
6110,3110,CASH,Failed,20-07-2023,1479
6111,3111,CASH,Success,06-02-2023,1191
6112,3112,CASH,Failed,09-06-2023,1093
6113,3113,UPI,Failed,03-02-2023,856
6114,3114,CARD,Success,31-05-2023,1156
6115,3115,CASH,Failed,01-09-2023,461
6116,3116,UPI,Success,09-09-2023,1913
6117,3117,CASH,Success,07-01-2023,1108
6118,3118,CASH,Success,27-06-2023,1740
6119,3119,CARD,Success,09-03-2023,206
6120,3120,CASH,Failed,18-02-2023,226
6121,3121,CARD,Success,27-11-2023,1658
6122,3122,UPI,Success,31-07-2023,542
6123,3123,CASH,Success,01-09-2023,1450
6124,3124,CASH,Success,17-02-2023,826
6125,3125,UPI,Failed,03-05-2023,1598
6126,3126,CASH,Failed,30-11-2023,1610
6127,3127,CARD,Success,25-10-2023,792
6128,3128,CASH,Success,07-07-2023,678
6129,3129,UPI,Success,03-11-2023,888
6130,3130,UPI,Failed,07-10-2023,682
6131,3131,CASH,Failed,23-05-2023,1979
6132,3132,CASH,Failed,18-10-2023,282
6133,3133,CARD,Success,13-09-2023,1614
6134,3134,CASH,Success,04-10-2023,446
6135,3135,UPI,Success,18-09-2023,503
6136,3136,CASH,Failed,02-07-2023,1356
6137,3137,CASH,Success,17-09-2023,1497
6138,3138,CASH,Success,25-05-2023,1204
6139,3139,CASH,Success,22-10-2023,1724
6140,3140,CASH,Success,17-07-2023,1651
6141,3141,CASH,Success,01-05-2023,1102
6142,3142,UPI,Success,14-03-2023,1542
6143,3143,CARD,Success,21-09-2023,1529
6144,3144,CASH,Success,24-09-2023,1874
6145,3145,UPI,Success,15-06-2023,1151
6146,3146,CASH,Success,11-07-2023,521
6147,3147,CASH,Success,04-04-2023,525
6148,3148,UPI,Failed,04-12-2023,587
6149,3149,CASH,Success,22-07-2023,1811
6150,3150,CASH,Failed,16-01-2023,682
6151,3151,CARD,Success,31-08-2023,1558
6152,3152,CASH,Success,28-02-2023,804
6153,3153,UPI,Success,18-04-2023,1287
6154,3154,CARD,Success,15-03-2023,910
6155,3155,CARD,Success,25-06-2023,674
6156,3156,CASH,Failed,31-01-2023,1248
6157,3157,UPI,Success,05-03-2023,1662
6158,3158,CARD,Failed,29-03-2023,1476
6159,3159,CARD,Failed,29-01-2023,1498
6160,3160,UPI,Success,02-12-2023,855
6161,3161,CARD,Success,30-01-2023,1041
6162,3162,UPI,Success,23-09-2023,1314
6163,3163,CASH,Success,12-06-2023,900
6164,3164,CASH,Success,05-08-2023,1628
6165,3165,CASH,Success,26-12-2023,1622
6166,3166,CARD,Failed,10-01-2023,651
6167,3167,CASH,Success,22-01-2023,1961
6168,3168,CASH,Success,02-02-2023,799
6169,3169,CASH,Success,27-07-2023,1464
6170,3170,CASH,Failed,19-11-2023,595
6171,3171,UPI,Success,07-11-2023,518
6172,3172,CARD,Failed,05-10-2023,1736
6173,3173,UPI,Failed,02-04-2023,1348
6174,3174,CASH,Success,12-12-2023,1150
6175,3175,CASH,Success,30-05-2023,349
6176,3176,UPI,Success,15-12-2023,361
6177,3177,CARD,Success,15-03-2023,624
6178,3178,CASH,Failed,23-06-2023,1092
6179,3179,UPI,Success,22-01-2023,1718
6180,3180,CARD,Success,03-10-2023,693
6181,3181,UPI,Success,22-01-2023,1710
6182,3182,CASH,Success,12-10-2023,951
6183,3183,UPI,Failed,24-06-2023,950
6184,3184,CARD,Success,21-04-2023,1679
6185,3185,CASH,Success,24-09-2023,1208
6186,3186,CASH,Success,03-09-2023,438
6187,3187,CARD,Success,16-06-2023,993
6188,3188,UPI,Success,03-07-2023,1857
6189,3189,CASH,Success,13-03-2023,806
6190,3190,CARD,Failed,10-10-2023,1226
6191,3191,CASH,Success,09-11-2023,1382
6192,3192,CARD,Success,29-08-2023,1008
6193,3193,CARD,Failed,18-12-2023,1545
6194,3194,CASH,Success,19-06-2023,676
6195,3195,CASH,Success,28-03-2023,1313
6196,3196,UPI,Failed,17-03-2023,1842
6197,3197,UPI,Success,22-05-2023,1518
6198,3198,CASH,Failed,22-01-2023,1993
6199,3199,CARD,Success,15-11-2023,843
6200,3200,UPI,Success,14-07-2023,620
6201,3201,CASH,Success,22-01-2023,1038
6202,3202,CASH,Success,27-01-2023,1573
6203,3203,CASH,Success,22-01-2023,264
6204,3204,CASH,Success,11-05-2023,1288
6205,3205,CARD,Success,16-02-2023,513
6206,3206,CARD,Success,26-02-2023,889
6207,3207,UPI,Failed,25-01-2023,241
6208,3208,UPI,Failed,11-07-2023,773
6209,3209,UPI,Success,30-11-2023,1547
6210,3210,CASH,Success,12-12-2023,203
6211,3211,UPI,Success,08-10-2023,359
6212,3212,UPI,Failed,13-06-2023,1707
6213,3213,CASH,Failed,14-09-2023,1685
6214,3214,CASH,Failed,18-10-2023,1681
6215,3215,UPI,Success,06-07-2023,403
6216,3216,CASH,Failed,14-05-2023,883
6217,3217,CARD,Success,22-01-2023,1341
6218,3218,CASH,Success,23-07-2023,1480
6219,3219,CARD,Success,23-10-2023,573
6220,3220,CARD,Failed,19-04-2023,397
6221,3221,UPI,Success,08-02-2023,978
6222,3222,CASH,Success,23-09-2023,993
6223,3223,CASH,Success,18-09-2023,1116
6224,3224,CASH,Failed,17-01-2023,314
6225,3225,CASH,Success,02-09-2023,632
6226,3226,CASH,Failed,28-09-2023,1458
6227,3227,UPI,Success,21-01-2023,1684
6228,3228,CASH,Failed,07-07-2023,1107
6229,3229,UPI,Failed,21-09-2023,1603
6230,3230,UPI,Success,22-01-2023,909
6231,3231,CASH,Success,01-12-2023,1293
6232,3232,UPI,Success,27-03-2023,1050
6233,3233,UPI,Failed,24-07-2023,603
6234,3234,CARD,Failed,13-11-2023,510
6235,3235,CARD,Success,21-09-2023,974
6236,3236,CASH,Success,31-08-2023,1676
6237,3237,CARD,Failed,02-07-2023,1111
6238,3238,CASH,Failed,04-08-2023,1336
6239,3239,CASH,Success,28-03-2023,1968
6240,3240,UPI,Failed,24-04-2023,1976
6241,3241,CARD,Failed,31-08-2023,1912
6242,3242,UPI,Success,12-03-2023,1652
6243,3243,CASH,Failed,19-10-2023,1706
6244,3244,CARD,Failed,31-08-2023,499
6245,3245,CASH,Success,14-11-2023,1453
6246,3246,CASH,Success,22-01-2023,1597
6247,3247,CASH,Failed,18-10-2023,1787
6248,3248,CARD,Success,20-05-2023,401
6249,3249,CARD,Failed,01-03-2023,1153
6250,3250,CASH,Failed,29-09-2023,1518
6251,3251,CARD,Success,11-11-2023,330
6252,3252,CARD,Failed,22-12-2023,1080
6253,3253,UPI,Success,29-12-2023,420
6254,3254,CASH,Failed,01-11-2023,1506
6255,3255,UPI,Success,11-05-2023,245
6256,3256,CASH,Failed,16-07-2023,1615
6257,3257,CARD,Success,12-03-2023,722
6258,3258,CARD,Success,10-01-2023,631
6259,3259,UPI,Failed,04-04-2023,1616
6260,3260,CARD,Failed,06-12-2023,1169
6261,3261,CASH,Success,18-07-2023,1504
6262,3262,CASH,Success,26-05-2023,747
6263,3263,CASH,Success,05-05-2023,1923
6264,3264,CARD,Failed,20-09-2023,1735
6265,3265,CASH,Failed,25-02-2023,277
6266,3266,CARD,Failed,01-09-2023,605
6267,3267,CASH,Failed,30-03-2023,1542
6268,3268,CASH,Success,09-07-2023,1455
6269,3269,CARD,Success,25-03-2023,1048
6270,3270,UPI,Success,22-01-2023,1267
6271,3271,CASH,Success,21-09-2023,1298
6272,3272,UPI,Success,03-02-2023,489
6273,3273,UPI,Failed,29-01-2023,1220
6274,3274,CARD,Success,06-08-2023,601
6275,3275,CASH,Success,25-10-2023,1862
6276,3276,CASH,Failed,02-12-2023,569
6277,3277,CARD,Success,11-05-2023,1190
6278,3278,UPI,Success,22-01-2023,1986
6279,3279,UPI,Success,15-03-2023,654
6280,3280,UPI,Success,23-12-2023,761
6281,3281,CASH,Failed,28-02-2023,1746
6282,3282,CASH,Success,31-05-2023,1754
6283,3283,CASH,Success,12-09-2023,476
6284,3284,UPI,Failed,27-10-2023,396
6285,3285,UPI,Success,06-04-2023,833
6286,3286,CASH,Success,30-10-2023,389
6287,3287,UPI,Failed,12-04-2023,911
6288,3288,CASH,Success,19-05-2023,350
6289,3289,CARD,Success,14-09-2023,1132
6290,3290,CASH,Success,17-09-2023,1966
6291,3291,UPI,Success,23-11-2023,1403
6292,3292,UPI,Success,13-01-2023,787
6293,3293,CASH,Failed,27-05-2023,620
6294,3294,CASH,Failed,05-04-2023,941
6295,3295,CARD,Success,20-03-2023,1180
6296,3296,CARD,Failed,03-02-2023,458
6297,3297,CASH,Success,29-05-2023,1106
6298,3298,CASH,Success,15-05-2023,786
6299,3299,UPI,Success,04-05-2023,929
6300,3300,UPI,Success,03-07-2023,531
6301,3301,CASH,Success,04-04-2023,508
6302,3302,CASH,Success,02-09-2023,1687
6303,3303,CASH,Success,09-10-2023,373
6304,3304,CASH,Success,24-08-2023,868
6305,3305,CASH,Success,17-09-2023,1859
6306,3306,CARD,Success,20-06-2023,1969
6307,3307,CASH,Success,09-01-2023,590
6308,3308,CASH,Failed,16-03-2023,265
6309,3309,CASH,Success,03-05-2023,844
6310,3310,CASH,Success,24-04-2023,1276
6311,3311,UPI,Failed,02-10-2023,347
6312,3312,UPI,Success,12-07-2023,1426
6313,3313,CASH,Success,01-12-2023,1222
6314,3314,CASH,Failed,21-11-2023,1626
6315,3315,UPI,Success,14-06-2023,509
6316,3316,CASH,Success,26-06-2023,1910
6317,3317,CASH,Failed,15-01-2023,1376
6318,3318,CARD,Success,22-12-2023,583
6319,3319,CASH,Failed,25-06-2023,1933
6320,3320,CASH,Failed,05-12-2023,267
6321,3321,CARD,Success,21-08-2023,830
6322,3322,UPI,Success,05-05-2023,1808
6323,3323,CASH,Success,31-05-2023,470
6324,3324,CARD,Success,24-01-2023,677
6325,3325,CASH,Failed,20-03-2023,1109
6326,3326,CASH,Success,01-04-2023,1980
6327,3327,CARD,Success,08-12-2023,1048
6328,3328,CASH,Failed,07-04-2023,809
6329,3329,UPI,Success,19-10-2023,1992
6330,3330,CARD,Success,28-03-2023,446
6331,3331,CARD,Success,01-01-2023,247
6332,3332,CASH,Success,11-04-2023,976
6333,3333,CASH,Success,24-10-2023,719
6334,3334,CARD,Success,06-12-2023,245
6335,3335,CASH,Success,22-01-2023,1188
6336,3336,CASH,Success,13-12-2023,1603
6337,3337,CARD,Failed,22-01-2023,1505
6338,3338,CASH,Success,08-01-2023,864
6339,3339,CASH,Success,27-03-2023,1396
6340,3340,CASH,Success,08-09-2023,898
6341,3341,CASH,Success,05-07-2023,1770
6342,3342,CASH,Success,13-03-2023,727
6343,3343,CASH,Success,02-12-2023,206
6344,3344,CASH,Success,08-09-2023,1248
6345,3345,CASH,Success,05-02-2023,528
6346,3346,UPI,Success,21-02-2023,1580
6347,3347,CARD,Success,30-06-2023,1947
6348,3348,UPI,Success,27-09-2023,821
6349,3349,CASH,Failed,28-08-2023,507
6350,3350,CARD,Success,20-03-2023,263
6351,3351,CARD,Failed,07-11-2023,959
6352,3352,CARD,Failed,31-10-2023,1187
6353,3353,CARD,Failed,27-05-2023,545
6354,3354,CASH,Success,10-02-2023,1705
6355,3355,CASH,Success,14-03-2023,1148
6356,3356,CASH,Success,16-12-2023,810
6357,3357,UPI,Success,22-01-2023,240
6358,3358,CASH,Success,10-12-2023,1698
6359,3359,CASH,Failed,16-09-2023,537
6360,3360,CARD,Failed,26-04-2023,623
6361,3361,CASH,Success,02-05-2023,1870
6362,3362,CASH,Success,22-01-2023,1878
6363,3363,CARD,Failed,24-02-2023,204
6364,3364,CASH,Failed,01-04-2023,1274
6365,3365,UPI,Success,14-02-2023,1553
6366,3366,CARD,Failed,20-03-2023,1440
6367,3367,CASH,Success,08-11-2023,725
6368,3368,UPI,Success,15-07-2023,271
6369,3369,CASH,Success,08-02-2023,1239
6370,3370,CASH,Success,14-02-2023,1928
6371,3371,CASH,Failed,22-01-2023,1461
6372,3372,CASH,Failed,14-12-2023,265
6373,3373,CARD,Success,29-11-2023,225
6374,3374,CASH,Success,11-11-2023,251
6375,3375,CARD,Failed,01-11-2023,1018
6376,3376,UPI,Success,22-09-2023,1485
6377,3377,CASH,Failed,20-09-2023,1089
6378,3378,UPI,Success,06-04-2023,1196
6379,3379,UPI,Success,28-10-2023,928
6380,3380,CASH,Success,22-01-2023,912
6381,3381,CASH,Success,08-02-2023,252
6382,3382,CASH,Success,25-05-2023,906
6383,3383,UPI,Success,17-01-2023,679
6384,3384,CASH,Success,01-03-2023,753
6385,3385,CARD,Success,28-05-2023,817
6386,3386,UPI,Success,28-11-2023,240
6387,3387,CARD,Failed,04-09-2023,1500
6388,3388,CASH,Failed,28-04-2023,1780
6389,3389,CARD,Failed,17-04-2023,1782
6390,3390,CASH,Failed,22-01-2023,1566
6391,3391,UPI,Success,05-10-2023,212
6392,3392,UPI,Success,19-04-2023,1592
6393,3393,UPI,Success,22-01-2023,1658
6394,3394,UPI,Success,21-12-2023,313
6395,3395,CASH,Failed,22-01-2023,1913
6396,3396,CASH,Failed,30-10-2023,555
6397,3397,CASH,Success,31-03-2023,590
6398,3398,CASH,Failed,14-02-2023,1438
6399,3399,UPI,Success,02-09-2023,283
6400,3400,CARD,Failed,22-01-2023,1214
6401,3401,CASH,Success,27-03-2023,1368
6402,3402,CASH,Success,31-07-2023,1894
6403,3403,CASH,Failed,24-05-2023,833
6404,3404,CASH,Failed,19-04-2023,1606
6405,3405,UPI,Success,27-10-2023,519
6406,3406,UPI,Success,23-12-2023,1582
6407,3407,CARD,Failed,02-05-2023,1353
6408,3408,CASH,Success,22-01-2023,876
6409,3409,CASH,Success,07-01-2023,1074
6410,3410,CASH,Success,22-01-2023,726
6411,3411,UPI,Success,15-09-2023,968
6412,3412,CASH,Success,17-01-2023,862
6413,3413,CARD,Success,22-12-2023,232
6414,3414,CASH,Success,06-06-2023,467
6415,3415,CASH,Success,14-01-2023,1388
6416,3416,UPI,Failed,02-01-2023,849
6417,3417,CARD,Success,12-05-2023,370
6418,3418,CASH,Success,03-07-2023,1706
6419,3419,CARD,Failed,03-10-2023,1287
6420,3420,CASH,Success,01-11-2023,948
6421,3421,CASH,Failed,09-07-2023,1942
6422,3422,UPI,Failed,22-01-2023,654
6423,3423,CARD,Failed,12-11-2023,1579
6424,3424,CASH,Failed,03-02-2023,513
6425,3425,CASH,Success,02-07-2023,686
6426,3426,CARD,Success,19-09-2023,769
6427,3427,CASH,Failed,24-07-2023,495
6428,3428,UPI,Success,27-09-2023,1864
6429,3429,CARD,Failed,19-12-2023,475
6430,3430,CARD,Success,14-04-2023,1741
6431,3431,CASH,Success,30-08-2023,1954
6432,3432,CASH,Success,22-01-2023,1901
6433,3433,UPI,Success,22-01-2023,555
6434,3434,CASH,Failed,04-06-2023,768
6435,3435,CARD,Success,05-05-2023,1216
6436,3436,CASH,Success,31-12-2023,1734
6437,3437,CASH,Success,02-04-2023,552
6438,3438,CASH,Success,22-01-2023,460
6439,3439,CASH,Success,20-08-2023,588
6440,3440,CARD,Success,21-01-2023,1675
6441,3441,CASH,Success,22-01-2023,1530
6442,3442,UPI,Failed,04-07-2023,1171
6443,3443,CARD,Failed,16-09-2023,822
6444,3444,CARD,Success,29-11-2023,1896
6445,3445,CARD,Success,30-05-2023,300
6446,3446,CARD,Failed,21-08-2023,1702
6447,3447,CARD,Failed,10-06-2023,582
6448,3448,UPI,Success,22-02-2023,1616
6449,3449,CARD,Success,22-01-2023,1352
6450,3450,UPI,Success,22-03-2023,338
6451,3451,UPI,Success,21-01-2023,1873
6452,3452,UPI,Success,22-01-2023,1310
6453,3453,CARD,Success,21-04-2023,1660
6454,3454,UPI,Failed,23-05-2023,583
6455,3455,CARD,Failed,06-11-2023,1123
6456,3456,CARD,Success,08-12-2023,1109
6457,3457,CASH,Success,23-06-2023,1593
6458,3458,CASH,Failed,06-09-2023,1191
6459,3459,UPI,Success,07-05-2023,482
6460,3460,CARD,Success,12-10-2023,290
6461,3461,CASH,Success,07-11-2023,557
6462,3462,CARD,Success,26-12-2023,1804
6463,3463,CASH,Success,22-01-2023,1348
6464,3464,CASH,Success,11-04-2023,1007
6465,3465,CASH,Success,19-06-2023,1638
6466,3466,UPI,Success,01-04-2023,1006
6467,3467,UPI,Success,26-06-2023,1128
6468,3468,CARD,Success,30-04-2023,1387
6469,3469,CASH,Failed,12-06-2023,547
6470,3470,CARD,Failed,28-10-2023,1508
6471,3471,CASH,Failed,11-09-2023,1839
6472,3472,UPI,Success,08-06-2023,367
6473,3473,CARD,Success,04-02-2023,387
6474,3474,UPI,Success,22-01-2023,1414
6475,3475,UPI,Failed,27-12-2023,1654
6476,3476,UPI,Success,22-02-2023,1507
6477,3477,CASH,Success,18-07-2023,881
6478,3478,CARD,Failed,29-04-2023,1295
6479,3479,CASH,Success,27-06-2023,1293
6480,3480,UPI,Success,10-04-2023,1402
6481,3481,CASH,Failed,22-02-2023,1218
6482,3482,CARD,Success,20-08-2023,1523
6483,3483,CARD,Failed,16-09-2023,902
6484,3484,UPI,Success,22-12-2023,1228
6485,3485,CARD,Failed,22-01-2023,485
6486,3486,CASH,Success,13-08-2023,1253
6487,3487,UPI,Success,13-02-2023,1000
6488,3488,CASH,Success,08-08-2023,518
6489,3489,CARD,Success,22-01-2023,1572
6490,3490,CARD,Success,24-02-2023,1132
6491,3491,CASH,Success,20-11-2023,1950
6492,3492,CASH,Success,30-11-2023,360
6493,3493,CASH,Success,16-03-2023,1869
6494,3494,CASH,Success,23-08-2023,1554
6495,3495,CASH,Success,26-02-2023,568
6496,3496,CASH,Failed,09-08-2023,1610
6497,3497,CASH,Failed,22-01-2023,1098
6498,3498,CARD,Success,23-10-2023,794
6499,3499,CARD,Success,12-11-2023,521
6500,3500,CASH,Success,30-10-2023,1527
